testSeq,testFORM,AccNum
9,2013_3,PTE04
11,2015_1,PTE04
24,2012_2,PTE1012
31,2014_3,PTE1012
34,2013_2,PTE1028
30,2015_2,PTE1028
81,2013_2,PTE103
78,2015_2,PTE103
28,2013_1,PTE1030
30,2015_3,PTE1030
32,2012_1,PTE1036
26,2014_1,PTE1036
31,2012_3,PTE1038
31,2015_3,PTE1038
27,2012_2,PTE1045
29,2014_1,PTE1045
29,2012_2,PTE1049
30,2014_2,PTE1049
35,2013_2,PTE1051
32,2015_3,PTE1051
31,2012_2,PTE1054
30,2014_1,PTE1054
32,2012_3,PTE1055
32,2014_2,PTE1055
76,2013_1,PTE106
80,2015_3,PTE106
77,2013_1,PTE107
79,2015_2,PTE107
77,2013_3,PTE108
80,2015_2,PTE108
37,2013_3,PTE1098
27,2015_1,PTE1098
85,2012_2,PTE110
82,2015_1,PTE110
37,2012_1,PTE1102
35,2014_3,PTE1102
34,2012_3,PTE1108
36,2014_2,PTE1108
35,2012_3,PTE1109
197,2015_3,PTE1109
38,2013_3,PTE1114
198,2015_3,PTE1114
79,2013_3,PTE112
82,2015_3,PTE112
36,2012_2,PTE1136
199,2015_3,PTE1136
36,2012_3,PTE1169
39,2014_3,PTE1169
198,2012_2,PTE117
221,2015_1,PTE117
204,2012_3,PTE118
206,2015_2,PTE118
206,2012_1,PTE119
224,2015_3,PTE119
39,2012_3,PTE1205
31,2015_1,PTE1205
38,2012_2,PTE1210
40,2015_3,PTE1210
40,2012_3,PTE1219
41,2014_3,PTE1219
38,2013_1,PTE1229
39,2015_2,PTE1229
42,2012_1,PTE1230
41,2014_2,PTE1230
42,2012_2,PTE1252
41,2014_1,PTE1252
44,2012_2,PTE1270
38,2015_1,PTE1270
45,2012_2,PTE1277
40,2015_1,PTE1277
43,2012_3,PTE1282
43,2014_1,PTE1282
43,2013_2,PTE1287
43,2015_2,PTE1287
47,2012_1,PTE1291
45,2014_1,PTE1291
46,2012_3,PTE1295
43,2015_3,PTE1295
46,2013_2,PTE1313
44,2015_1,PTE1313
44,2013_1,PTE1322
46,2015_2,PTE1322
176,2012_1,PTE1348
177,2013_3,PTE1348
176,2012_2,PTE1353
178,2013_3,PTE1353
202,2015_3,PTE1353
179,2013_3,PTE1354
203,2015_3,PTE1354
47,2012_3,PTE1355
204,2015_3,PTE1355
47,2013_2,PTE1358
46,2015_1,PTE1358
176,2012_3,PTE1359
180,2013_3,PTE1359
101,2013_3,PTE136
102,2015_2,PTE136
177,2012_1,PTE1361
177,2013_1,PTE1361
48,2012_2,PTE1368
48,2014_3,PTE1368
50,2012_3,PTE1369
47,2015_1,PTE1369
213,2012_1,PTE137
229,2015_3,PTE137
50,2012_2,PTE1375
48,2015_1,PTE1375
97,2012_2,PTE138
103,2015_2,PTE138
48,2012_1,PTE1384
51,2014_2,PTE1384
50,2013_3,PTE1387
49,2015_2,PTE1387
104,2013_1,PTE139
93,2015_1,PTE139
51,2012_2,PTE1392
50,2014_3,PTE1392
49,2012_1,PTE1395
51,2014_3,PTE1395
51,2012_3,PTE1397
52,2014_2,PTE1397
47,2013_1,PTE1398
48,2015_3,PTE1398
102,2012_1,PTE140
102,2014_3,PTE140
52,2012_3,PTE1400
50,2014_1,PTE1400
53,2012_3,PTE1403
54,2014_2,PTE1403
49,2013_1,PTE1408
51,2015_2,PTE1408
53,2012_2,PTE1409
50,2015_1,PTE1409
54,2012_2,PTE1410
51,2014_1,PTE1410
55,2012_2,PTE1411
52,2014_1,PTE1411
50,2012_1,PTE1414
53,2014_3,PTE1414
51,2013_2,PTE1416
52,2015_2,PTE1416
52,2013_2,PTE1418
53,2015_2,PTE1418
51,2012_1,PTE1420
56,2014_2,PTE1420
51,2013_1,PTE1421
49,2015_3,PTE1421
104,2013_3,PTE143
105,2015_3,PTE143
52,2012_1,PTE1430
57,2014_3,PTE1430
55,2012_3,PTE1432
59,2014_2,PTE1432
53,2012_1,PTE1433
51,2015_3,PTE1433
53,2013_3,PTE1434
200,2015_1,PTE1434
57,2012_2,PTE1439
52,2015_1,PTE1439
103,2013_2,PTE144
230,2015_3,PTE144
53,2013_2,PTE1446
56,2015_2,PTE1446
56,2012_1,PTE1449
53,2015_3,PTE1449
102,2012_3,PTE145
96,2015_1,PTE145
59,2012_2,PTE1450
62,2014_2,PTE1450
56,2013_2,PTE1451
54,2015_3,PTE1451
57,2012_1,PTE1456
56,2014_1,PTE1456
57,2012_3,PTE1460
58,2014_1,PTE1460
55,2013_3,PTE1461
55,2015_3,PTE1461
179,2012_2,PTE1462
178,2013_1,PTE1462
58,2012_3,PTE1463
56,2015_3,PTE1463
58,2012_1,PTE1464
54,2013_1,PTE1464
54,2015_1,PTE1464
60,2012_2,PTE1466
55,2013_1,PTE1466
57,2015_2,PTE1466
56,2013_1,PTE1467
57,2015_3,PTE1467
180,2012_2,PTE1468
201,2015_1,PTE1468
59,2012_1,PTE1469
64,2014_2,PTE1469
59,2012_3,PTE1470
55,2015_1,PTE1470
61,2012_2,PTE1472
60,2014_3,PTE1472
61,2012_1,PTE1473
61,2014_3,PTE1473
60,2012_3,PTE1474
57,2013_2,PTE1474
59,2014_1,PTE1474
62,2012_1,PTE1475
62,2014_3,PTE1475
61,2012_3,PTE1476
63,2014_3,PTE1476
62,2012_3,PTE1477
60,2014_1,PTE1477
62,2012_2,PTE1478
65,2014_2,PTE1478
58,2013_2,PTE1479
58,2015_3,PTE1479
63,2012_2,PTE1480
56,2015_1,PTE1480
63,2012_1,PTE1481
61,2014_1,PTE1481
64,2012_2,PTE1482
57,2015_1,PTE1482
180,2012_1,PTE1485
202,2015_1,PTE1485
64,2012_1,PTE1487
59,2015_3,PTE1487
65,2012_2,PTE1488
62,2014_1,PTE1488
59,2013_2,PTE1490
59,2015_2,PTE1490
56,2013_3,PTE1491
58,2015_1,PTE1491
63,2012_3,PTE1498
63,2014_1,PTE1498
35,2013_3,PTE15
29,2015_3,PTE15
64,2012_3,PTE1500
67,2014_2,PTE1500
59,2013_1,PTE1501
60,2015_3,PTE1501
65,2012_3,PTE1502
64,2014_1,PTE1502
58,2013_3,PTE1507
60,2015_1,PTE1507
103,2012_2,PTE151
100,2015_1,PTE151
60,2013_1,PTE1515
63,2015_3,PTE1515
61,2013_1,PTE1518
208,2015_3,PTE1518
106,2013_1,PTE152
234,2015_3,PTE152
60,2013_2,PTE1522
62,2015_1,PTE1522
68,2012_2,PTE1526
60,2013_3,PTE1526
61,2013_2,PTE1528
62,2015_2,PTE1528
62,2013_2,PTE1534
204,2015_2,PTE1534
66,2012_3,PTE1535
65,2014_1,PTE1535
63,2013_1,PTE1539
63,2015_1,PTE1539
201,2013_1,PTE154
228,2015_1,PTE154
67,2012_3,PTE1541
69,2014_2,PTE1541
70,2012_2,PTE1542
204,2015_1,PTE1542
66,2012_1,PTE1545
68,2014_1,PTE1545
67,2012_1,PTE1549
69,2014_1,PTE1549
107,2013_2,PTE155
108,2015_3,PTE155
68,2012_1,PTE1550
72,2014_2,PTE1550
61,2013_3,PTE1551
64,2015_1,PTE1551
63,2013_3,PTE1552
63,2015_2,PTE1552
64,2013_3,PTE1562
67,2015_3,PTE1562
65,2013_1,PTE1563
68,2015_3,PTE1563
72,2012_2,PTE1564
74,2014_2,PTE1564
73,2012_2,PTE1566
75,2014_2,PTE1566
63,2013_2,PTE1568
66,2015_1,PTE1568
71,2012_1,PTE1573
76,2014_2,PTE1573
108,2013_3,PTE158
106,2015_1,PTE158
72,2012_1,PTE1585
74,2014_1,PTE1585
70,2012_3,PTE1586
205,2015_1,PTE1586
216,2012_3,PTE159
206,2013_1,PTE159
217,2012_3,PTE160
227,2015_2,PTE160
67,2013_3,PTE1600
68,2015_1,PTE1600
73,2012_3,PTE1602
72,2015_3,PTE1602
74,2012_1,PTE1604
73,2014_3,PTE1604
65,2013_2,PTE1605
73,2015_3,PTE1605
70,2013_3,PTE1608
69,2015_1,PTE1608
214,2012_2,PTE161
232,2015_1,PTE161
76,2012_3,PTE1614
77,2014_3,PTE1614
67,2013_2,PTE1615
75,2015_3,PTE1615
68,2013_2,PTE1616
69,2015_2,PTE1616
75,2012_1,PTE1619
70,2015_1,PTE1619
69,2013_2,PTE1620
70,2015_2,PTE1620
90,2013_1,PTE1626
88,2015_3,PTE1626
94,2012_1,PTE1628
92,2014_2,PTE1628
93,2012_3,PTE1629
94,2014_3,PTE1629
98,2013_1,PTE1634
99,2015_3,PTE1634
96,2012_3,PTE1635
92,2015_1,PTE1635
97,2012_3,PTE1636
99,2014_3,PTE1636
99,2013_1,PTE1638
96,2015_2,PTE1638
222,2012_1,PTE164
209,2013_1,PTE164
238,2015_3,PTE164
98,2012_1,PTE1642
98,2014_2,PTE1642
98,2013_2,PTE1644
100,2015_3,PTE1644
100,2013_1,PTE1646
101,2015_3,PTE1646
101,2013_1,PTE1647
98,2015_2,PTE1647
100,2013_2,PTE1648
99,2015_2,PTE1648
210,2013_1,PTE165
233,2015_1,PTE165
99,2012_3,PTE1652
99,2014_2,PTE1652
100,2013_3,PTE1653
102,2015_3,PTE1653
99,2012_1,PTE1655
100,2014_2,PTE1655
200,2013_1,PTE1657
227,2015_1,PTE1657
96,2012_2,PTE1658
101,2014_3,PTE1658
103,2013_1,PTE1661
100,2015_2,PTE1661
102,2013_2,PTE1664
101,2015_2,PTE1664
101,2012_1,PTE1666
102,2014_2,PTE1666
101,2012_3,PTE1670
103,2014_3,PTE1670
105,2013_1,PTE1671
95,2015_1,PTE1671
103,2012_1,PTE1675
97,2015_1,PTE1675
104,2012_1,PTE1678
98,2015_1,PTE1678
99,2012_2,PTE1680
103,2014_2,PTE1680
207,2013_3,PTE1688
233,2015_3,PTE1688
212,2013_3,PTE169
230,2015_2,PTE169
104,2012_2,PTE1690
105,2014_2,PTE1690
206,2012_2,PTE1696
202,2013_1,PTE1696
105,2012_3,PTE1698
105,2014_3,PTE1698
107,2012_1,PTE1699
106,2014_2,PTE1699
107,2013_3,PTE1700
106,2015_2,PTE1700
204,2013_1,PTE1702
229,2015_1,PTE1702
181,2012_3,PTE1709
183,2013_3,PTE1709
84,2012_3,PTE1711
82,2014_1,PTE1711
85,2012_1,PTE1714
85,2014_3,PTE1714
86,2012_3,PTE1716
86,2014_3,PTE1716
87,2012_3,PTE1722
86,2014_2,PTE1722
88,2012_1,PTE1724
87,2014_3,PTE1724
80,2013_1,PTE1726
85,2015_1,PTE1726
81,2013_3,PTE1727
83,2015_3,PTE1727
87,2012_2,PTE1731
82,2013_3,PTE1731
82,2015_2,PTE1731
83,2013_2,PTE1732
86,2014_1,PTE1732
85,2013_2,PTE1740
83,2015_2,PTE1740
82,2013_1,PTE1742
85,2015_2,PTE1742
218,2012_2,PTE1763
213,2013_2,PTE1763
175,2012_1,PTE1783
173,2014_1,PTE1783
226,2012_2,PTE1785
223,2013_1,PTE1785
229,2012_3,PTE1786
224,2013_1,PTE1786
232,2012_3,PTE1787
230,2013_1,PTE1787
235,2012_3,PTE1788
235,2013_1,PTE1788
235,2012_2,PTE1789
225,2013_2,PTE1789
185,2012_1,PTE1791
182,2013_1,PTE1791
208,2015_1,PTE1791
225,2012_3,PTE1792
218,2013_1,PTE1792
186,2012_1,PTE1794
214,2015_3,PTE1794
236,2012_2,PTE1795
224,2013_3,PTE1795
184,2012_3,PTE1797
184,2013_3,PTE1797
210,2015_1,PTE1797
185,2012_3,PTE1798
185,2013_3,PTE1798
211,2015_1,PTE1798
186,2012_3,PTE1801
215,2015_3,PTE1801
189,2012_1,PTE1802
183,2013_1,PTE1802
187,2012_3,PTE1803
178,2013_2,PTE1803
212,2015_1,PTE1803
190,2012_1,PTE1804
217,2015_3,PTE1804
191,2012_1,PTE1807
179,2013_2,PTE1807
190,2012_2,PTE1808
187,2013_3,PTE1808
189,2012_3,PTE1809
185,2013_1,PTE1809
218,2015_3,PTE1809
192,2012_1,PTE1810
180,2013_2,PTE1810
213,2015_1,PTE1810
191,2012_2,PTE1811
186,2013_1,PTE1811
219,2015_3,PTE1811
193,2012_1,PTE1813
188,2013_1,PTE1813
220,2015_3,PTE1813
194,2012_1,PTE1816
221,2015_3,PTE1816
192,2012_3,PTE1818
215,2015_1,PTE1818
193,2012_2,PTE1820
189,2013_1,PTE1820
222,2015_3,PTE1820
200,2012_1,PTE1832
217,2015_1,PTE1832
199,2012_3,PTE1833
181,2013_2,PTE1833
201,2012_1,PTE1834
191,2013_1,PTE1834
195,2012_2,PTE1835
182,2013_2,PTE1835
202,2012_3,PTE1842
220,2015_1,PTE1842
204,2012_1,PTE1843
193,2013_1,PTE1843
197,2012_2,PTE1844
190,2013_3,PTE1844
203,2012_3,PTE1845
183,2013_2,PTE1845
205,2012_1,PTE1846
191,2013_3,PTE1846
207,2012_1,PTE1850
194,2013_1,PTE1850
208,2015_2,PTE1850
200,2012_2,PTE1851
184,2013_2,PTE1851
207,2012_3,PTE1853
193,2013_3,PTE1853
86,2013_2,PTE1856
87,2014_2,PTE1856
83,2013_1,PTE1857
210,2015_2,PTE1857
84,2013_3,PTE1862
87,2015_2,PTE1862
85,2013_3,PTE1863
86,2015_3,PTE1863
87,2013_3,PTE1866
87,2015_3,PTE1866
186,2013_2,PTE1872
222,2015_1,PTE1872
187,2013_2,PTE1874
211,2015_2,PTE1874
197,2013_2,PTE1911
214,2015_2,PTE1911
202,2013_3,PTE1918
215,2015_2,PTE1918
109,2013_2,PTE2015
109,2015_3,PTE2015
36,2013_3,PTE2027
32,2015_2,PTE2027
147,2012_1,PTE203
153,2014_3,PTE203
43,2013_3,PTE2033
42,2015_1,PTE2033
112,2013_1,PTE2041
111,2015_3,PTE2041
110,2012_2,PTE2043
112,2014_2,PTE2043
111,2013_3,PTE2052
111,2015_2,PTE2052
201,2012_3,PTE2053
192,2013_1,PTE2053
203,2012_1,PTE2058
189,2013_3,PTE2058
218,2015_1,PTE2058
85,2013_1,PTE2062
86,2015_2,PTE2062
110,2013_2,PTE2074
113,2015_2,PTE2074
113,2012_2,PTE2089
111,2015_1,PTE2089
36,2013_1,PTE21
38,2015_3,PTE21
115,2013_2,PTE2145
117,2015_2,PTE2145
113,2012_3,PTE2149
113,2014_3,PTE2149
117,2013_2,PTE2156
119,2015_2,PTE2156
118,2013_1,PTE2160
117,2015_3,PTE2160
116,2012_3,PTE2217
120,2014_2,PTE2217
118,2012_2,PTE2233
118,2014_1,PTE2233
121,2013_1,PTE2256
119,2015_3,PTE2256
120,2012_2,PTE2285
121,2015_3,PTE2285
120,2012_3,PTE2289
122,2014_2,PTE2289
120,2012_1,PTE2301
123,2015_2,PTE2301
124,2012_2,PTE2319
125,2015_3,PTE2319
121,2012_1,PTE2333
122,2015_1,PTE2333
124,2013_3,PTE2341
125,2015_1,PTE2341
124,2012_3,PTE2347
123,2014_1,PTE2347
124,2012_1,PTE2356
125,2014_2,PTE2356
125,2013_2,PTE2359
126,2015_3,PTE2359
126,2012_2,PTE2373
130,2014_3,PTE2373
154,2013_3,PTE239
154,2015_2,PTE239
128,2012_2,PTE2391
129,2015_3,PTE2391
126,2012_3,PTE2392
126,2014_1,PTE2392
128,2013_3,PTE2411
128,2015_2,PTE2411
234,2012_2,PTE2412
223,2013_2,PTE2412
129,2012_1,PTE2426
129,2015_1,PTE2426
129,2012_3,PTE2432
130,2015_2,PTE2432
130,2012_2,PTE2435
130,2014_1,PTE2435
3,2012_1,PTE2613
3,2014_1,PTE2613
3,2013_2,PTE2615
2,2015_3,PTE2615
6,2013_2,PTE2646
5,2015_1,PTE2646
4,2012_2,PTE2653
8,2014_2,PTE2653
4,2013_3,PTE2683
4,2015_3,PTE2683
20,2012_1,PTE2713
20,2014_3,PTE2713
18,2012_3,PTE2714
21,2014_3,PTE2714
28,2012_2,PTE2717
29,2014_2,PTE2717
85,2012_3,PTE2725
83,2014_1,PTE2725
203,2012_2,PTE2728
205,2013_3,PTE2728
223,2015_2,PTE2728
98,2012_3,PTE2729
99,2014_1,PTE2729
217,2012_1,PTE2730
208,2013_1,PTE2730
113,2013_2,PTE2732
115,2015_3,PTE2732
136,2013_3,PTE2739
137,2015_3,PTE2739
171,2012_1,PTE2774
170,2014_1,PTE2774
69,2012_1,PTE28
65,2015_1,PTE28
141,2013_1,PTE2833
139,2015_2,PTE2833
140,2012_2,PTE2842
139,2014_2,PTE2842
172,2012_1,PTE2852
172,2014_1,PTE2852
139,2013_3,PTE2864
141,2015_2,PTE2864
140,2013_3,PTE2867
142,2015_2,PTE2867
143,2012_1,PTE2892
140,2015_1,PTE2892
143,2012_3,PTE2920
143,2015_2,PTE2920
173,2012_3,PTE2974
240,2015_3,PTE2974
132,2012_1,PTE2983
130,2015_1,PTE2983
131,2012_2,PTE3000
132,2014_2,PTE3000
133,2012_2,PTE3020
132,2014_1,PTE3020
135,2012_1,PTE3041
133,2014_1,PTE3041
134,2012_2,PTE3043
134,2014_1,PTE3043
135,2012_3,PTE3046
134,2014_2,PTE3046
137,2012_3,PTE3061
137,2014_1,PTE3061
137,2012_1,PTE3082
136,2015_3,PTE3082
135,2013_1,PTE3083
132,2015_1,PTE3083
135,2013_2,PTE3085
133,2015_1,PTE3085
136,2013_1,PTE3091
134,2015_1,PTE3091
145,2013_2,PTE3119
144,2015_3,PTE3119
146,2013_1,PTE3184
144,2015_1,PTE3184
146,2013_2,PTE3195
146,2015_3,PTE3195
146,2012_3,PTE3197
149,2014_3,PTE3197
71,2012_3,PTE32
75,2014_1,PTE32
174,2012_3,PTE3239
174,2014_1,PTE3239
148,2013_1,PTE3250
148,2015_2,PTE3250
72,2012_3,PTE33
72,2014_3,PTE33
154,2012_3,PTE3345
152,2015_1,PTE3345
156,2012_1,PTE3380
156,2014_1,PTE3380
156,2012_3,PTE3383
155,2015_1,PTE3383
156,2013_3,PTE3384
157,2015_2,PTE3384
157,2012_3,PTE3385
156,2014_3,PTE3385
156,2013_1,PTE3391
239,2015_3,PTE3391
157,2013_2,PTE3392
158,2015_2,PTE3392
157,2012_1,PTE3393
156,2015_1,PTE3393
157,2013_3,PTE3395
157,2015_1,PTE3395
158,2013_3,PTE3396
158,2015_1,PTE3396
159,2013_3,PTE3398
156,2015_3,PTE3398
157,2012_2,PTE3400
159,2015_1,PTE3400
160,2013_3,PTE3403
159,2015_2,PTE3403
160,2012_1,PTE3405
156,2014_2,PTE3405
160,2012_3,PTE3407
157,2014_2,PTE3407
159,2013_2,PTE3412
160,2015_1,PTE3412
161,2012_3,PTE3413
159,2014_3,PTE3413
161,2012_1,PTE3414
158,2015_3,PTE3414
160,2013_2,PTE3415
161,2015_2,PTE3415
161,2013_2,PTE3417
162,2015_2,PTE3417
162,2012_1,PTE3421
160,2014_3,PTE3421
162,2012_3,PTE3423
157,2014_1,PTE3423
159,2013_1,PTE3424
163,2015_2,PTE3424
163,2012_1,PTE3426
160,2014_2,PTE3426
163,2012_3,PTE3429
161,2014_3,PTE3429
165,2012_1,PTE3435
161,2015_1,PTE3435
222,2012_3,PTE3439
212,2013_1,PTE3439
164,2012_2,PTE3444
237,2015_2,PTE3444
162,2013_1,PTE3445
161,2015_3,PTE3445
165,2012_2,PTE3448
163,2015_1,PTE3448
163,2013_1,PTE3454
164,2015_2,PTE3454
166,2012_2,PTE3457
162,2014_1,PTE3457
167,2012_2,PTE3458
166,2014_2,PTE3458
166,2012_1,PTE3463
164,2015_1,PTE3463
166,2013_2,PTE3464
162,2015_3,PTE3464
67,2013_1,PTE35
66,2015_2,PTE35
167,2013_2,PTE3502
165,2015_2,PTE3502
169,2013_3,PTE3510
167,2015_2,PTE3510
169,2013_2,PTE3512
166,2015_1,PTE3512
172,2012_2,PTE3518
165,2014_1,PTE3518
168,2013_1,PTE3548
169,2015_3,PTE3548
170,2012_3,PTE3549
166,2014_1,PTE3549
170,2012_1,PTE3555
171,2014_3,PTE3555
173,2013_2,PTE3561
171,2015_2,PTE3561
173,2012_2,PTE3566
170,2015_1,PTE3566
26,2012_1,PTE3584
22,2015_2,PTE3584
21,2013_1,PTE3586
26,2015_3,PTE3586
34,2013_3,PTE3603
28,2015_3,PTE3603
90,2012_3,PTE3614
91,2014_3,PTE3614
90,2013_3,PTE3615
91,2015_2,PTE3615
171,2012_2,PTE3629
167,2015_1,PTE3629
90,2012_2,PTE3631
91,2014_1,PTE3631
91,2012_2,PTE3636
90,2014_2,PTE3636
91,2012_1,PTE3639
92,2014_3,PTE3639
93,2013_2,PTE3643
92,2015_2,PTE3643
92,2012_1,PTE3646
92,2014_1,PTE3646
94,2013_2,PTE3649
93,2015_3,PTE3649
94,2013_3,PTE3650
94,2015_3,PTE3650
95,2012_1,PTE3660
94,2014_1,PTE3660
96,2012_1,PTE3663
95,2015_3,PTE3663
171,2013_3,PTE3669
167,2015_3,PTE3669
94,2012_3,PTE3677
95,2014_3,PTE3677
92,2012_2,PTE3679
96,2014_3,PTE3679
97,2013_3,PTE3684
90,2015_1,PTE3684
95,2012_3,PTE3686
96,2014_2,PTE3686
97,2012_1,PTE3687
91,2015_1,PTE3687
98,2013_3,PTE3688
95,2015_2,PTE3688
96,2013_1,PTE3689
225,2015_1,PTE3689
97,2013_2,PTE3692
98,2015_3,PTE3692
94,2012_2,PTE3693
98,2014_1,PTE3693
169,2012_2,PTE3715
164,2014_1,PTE3715
106,2013_2,PTE3730
102,2015_1,PTE3730
105,2012_2,PTE3732
107,2014_2,PTE3732
106,2012_2,PTE3736
106,2014_3,PTE3736
106,2012_3,PTE3743
107,2014_3,PTE3743
208,2012_2,PTE3748
230,2015_1,PTE3748
108,2012_1,PTE3749
107,2014_1,PTE3749
107,2012_3,PTE3750
108,2014_1,PTE3750
107,2012_2,PTE3752
105,2015_1,PTE3752
108,2012_2,PTE3753
108,2014_3,PTE3753
108,2012_3,PTE3755
231,2015_1,PTE3755
108,2013_2,PTE3761
107,2015_1,PTE3761
209,2012_2,PTE3762
209,2013_3,PTE3762
225,2015_2,PTE3762
212,2012_2,PTE3770
210,2013_3,PTE3770
218,2012_3,PTE3771
207,2013_2,PTE3771
218,2012_1,PTE3772
211,2013_3,PTE3772
221,2012_3,PTE3782
237,2015_3,PTE3782
89,2013_2,PTE3832
88,2015_2,PTE3832
88,2013_1,PTE3833
89,2015_2,PTE3833
90,2013_2,PTE3838
87,2015_1,PTE3838
88,2013_3,PTE3846
88,2015_1,PTE3846
89,2012_3,PTE3848
89,2015_1,PTE3848
91,2013_1,PTE3849
90,2015_2,PTE3849
214,2013_1,PTE3855
238,2015_1,PTE3855
228,2012_3,PTE3856
222,2013_1,PTE3856
229,2012_1,PTE3857
220,2013_2,PTE3857
239,2015_1,PTE3857
227,2012_2,PTE3858
226,2013_1,PTE3858
230,2012_3,PTE3859
227,2013_1,PTE3859
238,2015_2,PTE3859
231,2012_1,PTE3860
228,2013_1,PTE3860
239,2015_2,PTE3860
228,2012_2,PTE3861
221,2013_3,PTE3861
231,2012_3,PTE3862
221,2013_2,PTE3862
240,2015_2,PTE3862
210,2012_2,PTE403
205,2013_1,PTE403
1,2013_3,PTE409
2,2015_2,PTE409
2,2013_2,PTE419
1,2015_1,PTE419
4,2012_3,PTE436
3,2014_3,PTE436
68,2013_1,PTE44
74,2015_3,PTE44
74,2012_3,PTE45
206,2015_1,PTE45
158,2012_2,PTE455
160,2015_2,PTE455
77,2012_3,PTE46
81,2014_2,PTE46
166,2012_3,PTE470
164,2015_3,PTE470
237,2012_1,PTE528
237,2013_1,PTE528
8,2012_1,PTE541
6,2015_1,PTE541
77,2012_2,PTE56
78,2014_3,PTE56
9,2012_2,PTE566
8,2014_1,PTE566
5,2013_3,PTE582
10,2015_2,PTE582
78,2012_2,PTE59
78,2014_1,PTE59
79,2012_2,PTE60
207,2015_1,PTE60
78,2012_1,PTE61
82,2014_2,PTE61
12,2012_3,PTE619
8,2014_3,PTE619
11,2012_2,PTE625
11,2014_1,PTE625
78,2012_3,PTE64
79,2014_1,PTE64
72,2013_2,PTE66
72,2015_1,PTE66
79,2012_3,PTE67
73,2015_1,PTE67
75,2013_3,PTE69
74,2015_1,PTE69
13,2013_1,PTE717
14,2015_2,PTE717
14,2013_1,PTE719
15,2015_2,PTE719
15,2013_2,PTE743
15,2015_1,PTE743
74,2013_2,PTE75
76,2015_1,PTE75
16,2012_3,PTE750
16,2014_2,PTE750
14,2012_2,PTE753
17,2014_1,PTE753
79,2012_1,PTE76
74,2015_2,PTE76
80,2012_2,PTE79
84,2014_2,PTE79
81,2012_1,PTE80
77,2015_1,PTE80
80,2012_3,PTE81
79,2014_3,PTE81
76,2013_3,PTE82
78,2015_1,PTE82
236,2012_3,PTE834
236,2013_1,PTE834
7,2012_2,PTE846
6,2014_3,PTE846
77,2013_2,PTE86
75,2015_2,PTE86
82,2012_2,PTE87
81,2014_3,PTE87
78,2013_2,PTE88
76,2015_2,PTE88
21,2012_1,PTE898
21,2015_1,PTE898
79,2013_2,PTE90
79,2015_3,PTE90
22,2013_2,PTE904
22,2015_3,PTE904
21,2012_2,PTE907
23,2015_3,PTE907
23,2012_1,PTE908
180,2015_3,PTE908
19,2012_3,PTE917
20,2014_2,PTE917
80,2013_2,PTE92
79,2015_1,PTE92
24,2012_1,PTE924
24,2014_3,PTE924
75,2013_1,PTE93
77,2015_2,PTE93
25,2012_1,PTE931
18,2014_1,PTE931
23,2012_3,PTE944
19,2014_1,PTE944
27,2013_3,PTE951
23,2015_1,PTE951
24,2013_2,PTE958
24,2015_2,PTE958
30,2012_1,PTE966
22,2014_2,PTE966
31,2012_1,PTE968
22,2014_1,PTE968
84,2012_2,PTE97
83,2014_3,PTE97
30,2013_3,PTE989
25,2015_2,PTE989
83,2012_3,PTE99
212,2015_3,PTE99
26,2013_2,PTE993
26,2015_2,PTE993
31,2013_3,PTE997
27,2015_3,PTE997
14,2012_3,PTE03
16,2012_1,PTE06
17,2014_3,PTE08
81,2014_1,PTE100
32,2013_3,PTE1000
28,2013_2,PTE1002
25,2013_1,PTE1006
33,2013_3,PTE1007
29,2012_3,PTE1008
187,2014_3,PTE101
25,2014_2,PTE1010
31,2013_2,PTE1011
26,2013_1,PTE1013
28,2015_2,PTE1016
32,2014_3,PTE1017
26,2014_2,PTE1018
180,2014_1,PTE1023
33,2013_2,PTE1024
27,2013_1,PTE1025
26,2015_1,PTE1032
28,2014_2,PTE1034
27,2014_1,PTE1037
28,2014_1,PTE1039
84,2014_3,PTE104
33,2012_1,PTE1040
31,2015_2,PTE1041
193,2015_3,PTE1046
29,2013_1,PTE1047
188,2014_3,PTE105
30,2012_2,PTE1052
31,2014_2,PTE1053
31,2014_1,PTE1057
32,2012_2,PTE1059
33,2012_2,PTE1062
34,2014_3,PTE1063
34,2012_1,PTE1066
195,2015_3,PTE1067
34,2012_2,PTE1068
33,2015_2,PTE1069
33,2015_3,PTE1070
31,2013_1,PTE1072
34,2014_2,PTE1074
35,2012_1,PTE1076
34,2015_2,PTE1083
196,2015_3,PTE1084
36,2012_1,PTE1086
188,2015_1,PTE1088
32,2014_1,PTE1090
34,2015_3,PTE1093
35,2015_2,PTE1094
36,2013_2,PTE1097
189,2015_1,PTE1099
176,2015_1,PTE11
190,2015_1,PTE1103
37,2013_2,PTE1104
35,2014_2,PTE1105
81,2015_3,PTE111
38,2013_2,PTE1111
38,2012_1,PTE1113
34,2013_1,PTE1116
33,2014_1,PTE1120
35,2015_3,PTE1125
36,2014_3,PTE1127
36,2015_2,PTE1128
85,2014_2,PTE113
191,2015_1,PTE1130
35,2012_2,PTE1132
37,2014_3,PTE1137
36,2015_3,PTE1138
80,2013_3,PTE114
34,2014_1,PTE1141
36,2014_1,PTE1144
38,2014_3,PTE1147
39,2013_3,PTE1148
198,2012_3,PTE115
35,2013_1,PTE1150
29,2015_1,PTE1152
39,2012_1,PTE1153
37,2014_1,PTE1154
37,2014_2,PTE1156
38,2014_2,PTE1158
37,2015_2,PTE1159
199,2012_1,PTE116
37,2012_2,PTE1160
38,2014_1,PTE1163
38,2015_2,PTE1173
194,2015_1,PTE1174
39,2015_3,PTE1175
184,2015_2,PTE1177
185,2015_2,PTE1179
39,2014_1,PTE1184
37,2012_3,PTE1185
40,2014_3,PTE1193
38,2012_3,PTE1194
30,2015_1,PTE1198
199,2012_2,PTE120
40,2014_1,PTE1201
40,2012_1,PTE1202
39,2014_2,PTE1203
32,2015_1,PTE1206
195,2015_1,PTE1207
86,2013_1,PTE121
37,2013_1,PTE1211
39,2012_2,PTE1212
40,2014_2,PTE1215
40,2012_2,PTE1216
33,2015_1,PTE1217
87,2014_1,PTE122
41,2012_1,PTE1220
34,2015_1,PTE1224
40,2013_2,PTE1225
191,2014_3,PTE123
41,2015_3,PTE1232
41,2012_2,PTE1236
186,2014_2,PTE124
40,2015_2,PTE1245
43,2014_3,PTE1246
43,2012_1,PTE1249
200,2014_3,PTE125
40,2013_3,PTE1251
35,2015_1,PTE1254
41,2013_2,PTE1256
42,2014_1,PTE1257
42,2014_2,PTE1258
36,2015_1,PTE1259
192,2014_2,PTE126
43,2012_2,PTE1260
42,2012_3,PTE1264
37,2015_1,PTE1268
43,2014_2,PTE1269
193,2014_2,PTE127
196,2015_1,PTE1271
197,2015_1,PTE1272
42,2013_2,PTE1273
44,2012_1,PTE1274
41,2013_3,PTE1275
39,2015_1,PTE1276
194,2014_2,PTE128
42,2015_3,PTE1280
45,2014_2,PTE1283
44,2012_3,PTE1284
46,2014_2,PTE1285
44,2014_3,PTE1286
46,2012_2,PTE1288
200,2015_3,PTE1289
183,2014_1,PTE129
45,2014_3,PTE1290
41,2013_1,PTE1292
44,2013_2,PTE1293
44,2015_2,PTE1294
46,2014_3,PTE1296
45,2013_2,PTE1297
44,2015_3,PTE1298
45,2013_3,PTE1300
191,2015_2,PTE1301
42,2013_1,PTE1302
201,2015_3,PTE1304
43,2013_1,PTE1307
45,2015_2,PTE1308
46,2013_3,PTE1309
188,2014_1,PTE131
43,2015_1,PTE1311
194,2015_2,PTE1315
46,2014_1,PTE1318
198,2015_1,PTE1319
45,2015_1,PTE1327
46,2015_3,PTE1328
45,2013_1,PTE1329
46,2013_1,PTE1330
197,2015_2,PTE1333
198,2015_2,PTE1334
199,2015_2,PTE1335
200,2015_2,PTE1336
201,2015_2,PTE1337
203,2015_2,PTE1339
216,2015_2,PTE134
47,2013_3,PTE1347
47,2014_2,PTE1351
48,2014_2,PTE1356
47,2012_2,PTE1360
49,2014_2,PTE1362
48,2013_2,PTE1364
48,2012_3,PTE1365
49,2012_3,PTE1366
47,2015_3,PTE1367
47,2015_2,PTE1371
49,2012_2,PTE1372
50,2014_2,PTE1373
48,2013_3,PTE1376
47,2014_1,PTE1377
184,2014_3,PTE1378
48,2014_1,PTE1379
49,2013_2,PTE1380
49,2014_1,PTE1381
49,2013_3,PTE1382
48,2015_2,PTE1385
50,2015_2,PTE1388
51,2013_3,PTE1389
49,2014_3,PTE1391
53,2014_2,PTE1401
54,2012_3,PTE1404
52,2012_2,PTE1405
55,2014_2,PTE1406
48,2013_1,PTE1407
102,2013_3,PTE141
50,2013_1,PTE1415
54,2014_3,PTE1419
94,2015_1,PTE142
55,2014_3,PTE1422
50,2015_3,PTE1423
56,2014_3,PTE1424
54,2015_2,PTE1426
51,2015_1,PTE1427
52,2013_1,PTE1428
58,2014_2,PTE1431
56,2012_3,PTE1435
54,2012_1,PTE1438
54,2014_1,PTE1440
58,2012_2,PTE1441
53,2015_1,PTE1443
52,2015_3,PTE1444
61,2014_2,PTE1445
54,2013_2,PTE1448
63,2014_2,PTE1452
177,2012_3,PTE1453
55,2014_1,PTE1454
58,2014_3,PTE1455
178,2012_1,PTE1457
57,2014_1,PTE1458
59,2014_3,PTE1459
104,2014_1,PTE146
203,2013_2,PTE148
57,2013_1,PTE1483
58,2015_2,PTE1484
105,2012_1,PTE149
59,2015_1,PTE1492
64,2014_3,PTE1493
66,2014_2,PTE1494
58,2013_1,PTE1495
65,2012_1,PTE1499
106,2012_1,PTE150
61,2015_3,PTE1503
65,2014_3,PTE1504
66,2014_3,PTE1505
57,2013_3,PTE1506
67,2014_3,PTE1509
60,2015_2,PTE1510
67,2012_2,PTE1511
181,2014_2,PTE1512
68,2014_3,PTE1513
62,2015_3,PTE1514
61,2015_1,PTE1517
59,2013_3,PTE1519
64,2015_3,PTE1520
62,2013_1,PTE1521
178,2012_3,PTE1523
61,2015_2,PTE1524
65,2015_3,PTE1527
69,2014_3,PTE1529
103,2012_3,PTE153
69,2012_2,PTE1530
68,2014_2,PTE1533
66,2014_1,PTE1536
67,2014_1,PTE1537
183,2012_2,PTE1540
71,2012_2,PTE1543
64,2013_1,PTE1544
70,2014_2,PTE1546
71,2014_2,PTE1548
70,2014_1,PTE1553
70,2014_3,PTE1554
68,2012_3,PTE1555
66,2015_3,PTE1557
71,2014_1,PTE1559
204,2013_2,PTE156
182,2014_2,PTE1565
183,2014_2,PTE1567
72,2014_1,PTE1570
66,2013_1,PTE1576
69,2015_3,PTE1577
73,2014_1,PTE1579
183,2012_1,PTE1580
69,2012_3,PTE1581
70,2015_3,PTE1582
180,2012_3,PTE1584
65,2013_3,PTE1588
71,2014_3,PTE1589
184,2012_1,PTE1591
64,2015_2,PTE1594
65,2015_2,PTE1595
77,2014_2,PTE1596
186,2014_3,PTE1598
73,2012_1,PTE1599
67,2015_2,PTE1601
66,2013_2,PTE1606
74,2014_3,PTE1607
75,2012_3,PTE1609
75,2014_3,PTE1610
79,2014_2,PTE1611
76,2014_3,PTE1612
68,2015_2,PTE1613
71,2013_3,PTE1617
80,2014_2,PTE1618
76,2012_1,PTE1623
77,2012_1,PTE1624
89,2013_1,PTE1625
93,2013_3,PTE1627
221,2012_1,PTE163
98,2014_3,PTE1630
94,2015_2,PTE1631
97,2013_1,PTE1632
224,2015_2,PTE1633
97,2014_1,PTE1639
199,2013_1,PTE1641
226,2015_1,PTE1643
95,2012_2,PTE1645
102,2013_1,PTE1650
101,2013_2,PTE1659
228,2015_3,PTE1660
100,2012_1,PTE1662
103,2015_3,PTE1663
104,2015_3,PTE1665
105,2013_3,PTE1669
103,2014_1,PTE1672
206,2013_3,PTE1673
104,2013_2,PTE1676
105,2013_2,PTE1679
105,2015_2,PTE1682
104,2014_2,PTE1683
100,2012_2,PTE1684
104,2014_3,PTE1685
101,2012_2,PTE1686
102,2012_2,PTE1687
106,2015_3,PTE1689
107,2015_3,PTE1691
105,2014_1,PTE1692
101,2015_1,PTE1693
104,2012_3,PTE1695
106,2013_3,PTE1697
219,2012_3,PTE1703
219,2012_1,PTE1704
213,2013_3,PTE1706
78,2013_3,PTE1707
78,2013_1,PTE1708
214,2014_3,PTE1715
87,2012_1,PTE1718
84,2014_1,PTE1720
79,2013_1,PTE1725
213,2014_1,PTE1728
85,2014_1,PTE1729
81,2013_1,PTE1730
84,2015_3,PTE1733
235,2015_1,PTE1734
144,2013_1,PTE1738
84,2013_2,PTE1739
217,2013_3,PTE174
84,2015_2,PTE1741
147,2013_2,PTE1743
209,2014_1,PTE175
150,2015_1,PTE1750
151,2015_1,PTE1752
150,2013_1,PTE1754
150,2012_1,PTE1757
151,2012_1,PTE1758
211,2014_2,PTE176
155,2013_3,PTE1761
234,2014_2,PTE1764
164,2012_1,PTE1766
160,2015_3,PTE1767
162,2012_2,PTE1771
167,2013_3,PTE1773
168,2013_3,PTE1774
210,2014_1,PTE178
172,2013_2,PTE1780
170,2015_2,PTE1781
173,2014_2,PTE1782
232,2015_2,PTE179
182,2012_3,PTE1793
187,2012_1,PTE1796
187,2012_2,PTE1800
189,2012_2,PTE1805
188,2012_3,PTE1806
191,2012_3,PTE1815
189,2014_3,PTE1817
195,2012_1,PTE1819
233,2015_2,PTE182
237,2012_3,PTE1822
194,2012_2,PTE1823
194,2012_3,PTE1824
195,2012_3,PTE1826
196,2012_3,PTE1827
198,2012_1,PTE1828
197,2012_3,PTE1829
214,2014_1,PTE183
238,2012_1,PTE1830
237,2012_2,PTE1831
238,2012_3,PTE1836
226,2013_3,PTE1837
196,2012_2,PTE1838
215,2014_1,PTE184
234,2013_2,PTE1840
219,2015_1,PTE1841
239,2014_2,PTE1847
238,2013_3,PTE1848
240,2013_3,PTE1849
234,2015_2,PTE185
209,2012_1,PTE1854
185,2014_2,PTE1855
115,2012_2,PTE186
84,2013_1,PTE1860
86,2013_3,PTE1864
181,2014_1,PTE1867
87,2013_1,PTE1869
194,2013_3,PTE1871
190,2014_3,PTE1873
197,2013_1,PTE1875
188,2013_2,PTE1876
189,2013_2,PTE1877
192,2014_3,PTE1878
182,2014_1,PTE1879
144,2013_3,PTE188
187,2014_2,PTE1880
193,2014_3,PTE1881
188,2014_2,PTE1882
196,2013_3,PTE1883
195,2014_3,PTE1884
191,2013_2,PTE1885
197,2013_3,PTE1886
196,2014_3,PTE1887
197,2014_3,PTE1888
144,2012_1,PTE189
189,2014_2,PTE1890
190,2014_2,PTE1892
198,2014_3,PTE1893
192,2013_2,PTE1894
199,2013_3,PTE1895
199,2014_3,PTE1896
191,2014_2,PTE1897
184,2014_1,PTE1898
185,2014_1,PTE1899
187,2015_1,PTE19
186,2014_1,PTE1900
193,2013_2,PTE1901
201,2014_3,PTE1902
195,2014_2,PTE1903
202,2014_3,PTE1904
200,2013_3,PTE1905
196,2014_2,PTE1906
203,2014_3,PTE1907
197,2014_2,PTE1908
189,2014_1,PTE1909
198,2014_2,PTE1910
190,2014_1,PTE1912
199,2014_2,PTE1913
204,2014_3,PTE1914
198,2013_2,PTE1915
201,2013_3,PTE1916
205,2014_3,PTE1917
200,2014_2,PTE1920
201,2014_2,PTE1921
193,2014_1,PTE1922
195,2014_1,PTE1924
196,2014_1,PTE1925
203,2014_2,PTE1926
204,2014_2,PTE1927
217,2015_2,PTE1928
199,2014_1,PTE1929
147,2014_2,PTE193
202,2014_1,PTE1932
204,2014_1,PTE1934
218,2015_2,PTE1938
219,2015_2,PTE1940
205,2014_1,PTE1941
220,2015_2,PTE1942
222,2015_2,PTE1945
216,2014_3,PTE1969
148,2012_2,PTE197
109,2012_2,PTE1970
109,2012_1,PTE1971
109,2014_3,PTE1973
109,2015_2,PTE1977
109,2014_1,PTE1978
109,2014_2,PTE1980
110,2014_1,PTE1982
216,2014_2,PTE1991
110,2014_2,PTE1992
111,2014_1,PTE1993
217,2014_3,PTE1996
110,2014_3,PTE1997
109,2013_1,PTE1999
39,2013_2,PTE20
150,2014_1,PTE200
218,2014_3,PTE2000
112,2014_1,PTE2001
219,2014_3,PTE2002
113,2014_1,PTE2005
111,2014_2,PTE2006
149,2013_3,PTE201
17,2015_1,PTE2010
110,2013_1,PTE2012
109,2013_3,PTE2013
152,2014_3,PTE202
110,2015_3,PTE2020
44,2014_2,PTE2029
111,2013_1,PTE2031
114,2014_1,PTE2032
110,2013_3,PTE2035
110,2012_1,PTE2036
113,2013_1,PTE2042
111,2012_2,PTE2044
112,2015_3,PTE2045
109,2015_1,PTE2046
110,2015_2,PTE2047
112,2012_2,PTE2048
111,2012_1,PTE2050
110,2015_1,PTE2054
112,2015_2,PTE2056
149,2015_1,PTE206
206,2012_3,PTE2060
208,2012_3,PTE2061
113,2015_3,PTE2068
112,2013_3,PTE2072
113,2014_2,PTE2075
149,2015_2,PTE208
114,2013_1,PTE2080
196,2013_1,PTE2084
116,2013_1,PTE2087
198,2013_3,PTE2091
114,2014_2,PTE2093
111,2012_3,PTE2095
113,2013_3,PTE2096
114,2012_2,PTE2097
150,2015_3,PTE210
114,2013_3,PTE2102
112,2015_1,PTE2103
113,2015_1,PTE2104
114,2015_2,PTE2105
112,2012_3,PTE2107
115,2014_2,PTE2110
112,2013_2,PTE2111
192,2014_1,PTE2113
116,2014_2,PTE2116
117,2013_1,PTE2119
114,2015_3,PTE2121
203,2014_1,PTE2122
117,2014_2,PTE2124
114,2015_1,PTE2125
112,2014_3,PTE2126
112,2012_1,PTE2129
115,2015_2,PTE2131
114,2013_2,PTE2135
115,2015_1,PTE2137
116,2015_2,PTE2141
118,2015_2,PTE2147
114,2012_1,PTE2148
116,2015_3,PTE2151
115,2012_1,PTE2152
116,2013_2,PTE2155
118,2014_2,PTE2157
116,2015_1,PTE2158
154,2014_3,PTE216
114,2014_3,PTE2162
217,2014_2,PTE2165
116,2012_2,PTE2166
120,2015_2,PTE2170
117,2012_2,PTE2171
114,2012_3,PTE2172
118,2013_2,PTE2173
115,2014_3,PTE2176
116,2013_3,PTE2179
150,2012_2,PTE218
119,2013_1,PTE2180
151,2015_3,PTE219
117,2013_3,PTE2198
116,2012_1,PTE2199
42,2015_2,PTE22
150,2015_2,PTE220
115,2014_1,PTE2203
119,2013_2,PTE2204
115,2012_3,PTE2205
118,2015_3,PTE2206
117,2015_1,PTE2207
117,2012_1,PTE2208
151,2012_3,PTE221
118,2013_3,PTE2212
116,2014_3,PTE2216
121,2015_2,PTE2219
117,2012_3,PTE2220
120,2013_1,PTE2221
118,2012_1,PTE2223
116,2014_1,PTE2224
121,2014_2,PTE2226
117,2014_1,PTE2228
118,2015_1,PTE2229
118,2014_3,PTE2234
119,2015_1,PTE2237
122,2015_2,PTE2239
120,2014_3,PTE2248
151,2014_2,PTE225
118,2012_3,PTE2250
121,2013_2,PTE2254
122,2013_1,PTE2257
120,2015_3,PTE2260
120,2015_1,PTE2262
123,2013_1,PTE2268
119,2012_3,PTE2269
119,2012_2,PTE2275
121,2015_1,PTE2276
121,2014_3,PTE2278
119,2013_3,PTE2279
154,2012_2,PTE228
119,2014_1,PTE2286
119,2012_1,PTE2290
121,2012_2,PTE2291
122,2014_3,PTE2292
123,2015_3,PTE2294
121,2012_3,PTE2297
120,2014_1,PTE2298
152,2013_1,PTE230
123,2014_3,PTE2305
120,2013_3,PTE2306
124,2015_3,PTE2307
124,2013_1,PTE2308
122,2013_2,PTE2314
124,2014_3,PTE2315
123,2012_2,PTE2316
155,2015_3,PTE232
121,2013_3,PTE2323
121,2014_1,PTE2326
125,2014_3,PTE2330
123,2014_2,PTE2331
122,2014_1,PTE2335
126,2014_3,PTE2336
122,2013_3,PTE2337
123,2013_3,PTE2338
123,2015_1,PTE2339
124,2015_1,PTE2340
122,2012_3,PTE2342
127,2014_3,PTE2344
124,2014_2,PTE2345
123,2012_3,PTE2346
123,2012_1,PTE2349
153,2015_1,PTE235
128,2014_3,PTE2350
124,2013_2,PTE2352
124,2014_1,PTE2353
129,2014_3,PTE2355
125,2013_1,PTE2357
125,2013_3,PTE2358
153,2012_1,PTE236
125,2015_2,PTE2360
126,2014_2,PTE2361
125,2012_3,PTE2362
125,2012_1,PTE2363
127,2015_3,PTE2365
127,2014_2,PTE2366
126,2013_3,PTE2367
126,2015_2,PTE2368
126,2013_2,PTE2369
154,2014_1,PTE237
128,2014_2,PTE2370
128,2015_3,PTE2371
125,2012_2,PTE2372
126,2015_1,PTE2374
127,2015_1,PTE2376
129,2014_2,PTE2377
128,2015_1,PTE2379
155,2012_3,PTE238
126,2012_1,PTE2381
127,2013_3,PTE2384
223,2014_3,PTE2385
126,2013_1,PTE2386
127,2012_2,PTE2390
127,2014_1,PTE2395
146,2014_2,PTE2397
168,2012_1,PTE2398
127,2013_1,PTE2399
127,2015_2,PTE2400
127,2013_2,PTE2401
128,2013_1,PTE2402
130,2014_2,PTE2408
127,2012_1,PTE2409
129,2013_1,PTE2410
129,2012_2,PTE2413
129,2013_3,PTE2414
238,2014_2,PTE2415
129,2015_2,PTE2416
130,2015_3,PTE2419
128,2014_1,PTE2421
130,2013_1,PTE2427
129,2013_2,PTE2428
129,2014_1,PTE2429
130,2012_3,PTE2434
224,2014_3,PTE2436
130,2012_1,PTE2438
225,2014_3,PTE2449
130,2013_3,PTE2450
228,2014_3,PTE2451
235,2015_2,PTE2454
230,2014_3,PTE2455
231,2014_3,PTE2456
220,2014_2,PTE2457
221,2014_2,PTE2459
167,2014_1,PTE246
222,2014_2,PTE2460
223,2014_2,PTE2461
217,2014_1,PTE2462
224,2014_2,PTE2463
218,2014_1,PTE2465
219,2014_1,PTE2466
225,2014_2,PTE2467
226,2014_2,PTE2468
227,2014_2,PTE2469
228,2014_2,PTE2471
229,2014_2,PTE2473
230,2014_2,PTE2475
229,2013_2,PTE248
225,2014_1,PTE2480
233,2014_2,PTE2482
226,2014_1,PTE2483
227,2014_1,PTE2484
228,2014_1,PTE2485
229,2014_1,PTE2486
230,2014_1,PTE2488
231,2014_1,PTE2489
230,2013_2,PTE249
232,2014_1,PTE2490
233,2014_1,PTE2494
44,2014_1,PTE25
183,2014_3,PTE26
1,2015_2,PTE2602
1,2014_1,PTE2604
1,2014_3,PTE2606
3,2015_1,PTE2608
2,2014_3,PTE2609
3,2015_2,PTE2611
4,2015_2,PTE2612
176,2013_3,PTE2631
3,2015_3,PTE2632
2,2013_3,PTE2633
178,2015_2,PTE2634
4,2014_1,PTE2635
3,2013_3,PTE2637
3,2014_2,PTE2641
240,2015_1,PTE2643
4,2014_3,PTE2645
5,2014_2,PTE2649
179,2015_2,PTE2651
5,2012_2,PTE2655
6,2012_3,PTE2656
5,2014_3,PTE2657
8,2013_2,PTE2658
5,2013_1,PTE2663
7,2012_1,PTE2664
9,2013_2,PTE2670
6,2012_2,PTE2675
7,2015_2,PTE2678
6,2014_1,PTE2679
9,2014_2,PTE2682
7,2014_1,PTE2687
8,2015_2,PTE2690
9,2015_3,PTE2698
178,2012_2,PTE27
12,2014_3,PTE2702
16,2013_2,PTE2704
17,2013_1,PTE2705
16,2012_2,PTE2708
23,2012_2,PTE2715
194,2015_3,PTE2719
40,2013_1,PTE2721
45,2015_3,PTE2723
195,2015_2,PTE2724
210,2013_2,PTE2731
128,2013_2,PTE2733
128,2012_3,PTE2734
232,2014_3,PTE2736
137,2012_2,PTE2746
137,2015_2,PTE2752
136,2015_1,PTE2754
138,2015_2,PTE2756
137,2013_3,PTE2758
169,2014_1,PTE2763
138,2012_2,PTE2770
140,2014_3,PTE2775
171,2014_1,PTE2777
138,2013_3,PTE2778
140,2012_3,PTE2779
139,2013_1,PTE2784
139,2014_1,PTE2791
141,2012_3,PTE2793
139,2012_1,PTE2794
138,2015_3,PTE2796
140,2013_1,PTE2797
141,2014_3,PTE2800
142,2014_3,PTE2804
137,2014_2,PTE2805
139,2013_2,PTE2809
140,2014_1,PTE2812
141,2014_1,PTE2822
137,2015_1,PTE2826
142,2012_3,PTE2829
139,2012_2,PTE2831
138,2015_1,PTE2836
139,2015_3,PTE2837
140,2012_1,PTE2844
141,2012_1,PTE2846
142,2012_1,PTE2849
142,2014_1,PTE2854
174,2014_3,PTE2860
140,2015_3,PTE2861
141,2015_3,PTE2862
140,2015_2,PTE2863
139,2015_1,PTE2865
141,2012_2,PTE2868
140,2014_2,PTE2875
143,2014_1,PTE2876
141,2014_2,PTE2877
142,2013_1,PTE2878
142,2012_2,PTE2880
143,2013_1,PTE2883
142,2015_3,PTE2885
140,2013_2,PTE2886
173,2012_1,PTE2887
142,2013_3,PTE2888
141,2015_1,PTE2893
179,2012_3,PTE29
143,2015_3,PTE2903
143,2014_3,PTE2905
172,2015_1,PTE2914
142,2014_2,PTE2915
171,2015_3,PTE2919
141,2013_2,PTE2921
142,2013_2,PTE2922
174,2012_1,PTE2924
175,2014_3,PTE2926
143,2013_3,PTE2927
143,2012_2,PTE2928
143,2013_2,PTE2932
143,2014_2,PTE2935
142,2015_1,PTE2937
175,2012_2,PTE2938
131,2012_1,PTE2980
131,2015_2,PTE2981
131,2012_3,PTE2982
131,2015_3,PTE2984
133,2012_1,PTE2986
131,2014_3,PTE2992
132,2012_3,PTE2993
131,2014_2,PTE2996
132,2015_2,PTE2997
73,2014_2,PTE30
132,2012_2,PTE3005
131,2013_2,PTE3008
132,2013_1,PTE3010
131,2014_1,PTE3013
131,2015_1,PTE3014
133,2015_2,PTE3016
132,2014_3,PTE3018
131,2013_3,PTE3022
132,2015_3,PTE3023
132,2013_3,PTE3024
134,2015_2,PTE3025
133,2015_3,PTE3027
133,2014_2,PTE3028
132,2013_2,PTE3033
134,2012_3,PTE3034
133,2013_1,PTE3040
133,2013_3,PTE3042
134,2013_1,PTE3045
135,2014_1,PTE3048
133,2013_2,PTE3050
133,2014_3,PTE3051
134,2015_3,PTE3052
136,2012_3,PTE3054
134,2013_3,PTE3058
135,2015_3,PTE3059
138,2012_3,PTE3062
135,2012_2,PTE3063
135,2013_3,PTE3067
138,2014_1,PTE3069
136,2012_1,PTE3071
134,2013_2,PTE3073
134,2014_3,PTE3075
135,2014_2,PTE3076
136,2014_3,PTE3078
135,2015_2,PTE3088
136,2013_2,PTE3089
137,2014_3,PTE3093
136,2012_2,PTE3094
137,2013_1,PTE3095
137,2013_2,PTE3096
138,2012_1,PTE3098
70,2012_1,PTE31
138,2013_2,PTE3100
138,2014_3,PTE3101
135,2015_1,PTE3106
144,2012_2,PTE3114
144,2013_2,PTE3116
145,2012_2,PTE3129
144,2015_2,PTE3138
144,2014_3,PTE3139
144,2014_1,PTE3140
145,2014_1,PTE3141
146,2012_1,PTE3146
144,2012_3,PTE3148
145,2014_3,PTE3149
146,2012_2,PTE3150
144,2014_2,PTE3152
145,2015_3,PTE3158
146,2014_3,PTE3164
147,2012_2,PTE3167
145,2013_1,PTE3168
145,2014_2,PTE3172
147,2014_3,PTE3174
143,2015_1,PTE3176
145,2015_2,PTE3179
148,2014_3,PTE3183
145,2012_3,PTE3188
146,2014_1,PTE3191
145,2013_3,PTE3200
145,2015_1,PTE3204
146,2015_1,PTE3205
146,2015_2,PTE3209
146,2013_3,PTE3212
147,2015_1,PTE3214
147,2014_1,PTE3217
147,2012_3,PTE3219
149,2014_2,PTE3224
147,2013_3,PTE3231
148,2015_1,PTE3235
150,2014_2,PTE3237
147,2015_2,PTE3238
148,2012_3,PTE3241
149,2012_2,PTE3242
151,2014_3,PTE3243
147,2015_3,PTE3245
148,2015_3,PTE3246
149,2013_1,PTE3263
149,2015_3,PTE3269
149,2014_1,PTE3274
148,2013_3,PTE3277
149,2012_3,PTE3291
148,2012_1,PTE3293
151,2014_1,PTE3298
150,2013_3,PTE3299
150,2012_3,PTE3302
149,2013_2,PTE3305
150,2013_2,PTE3306
151,2013_3,PTE3313
152,2015_3,PTE3319
151,2015_2,PTE3320
152,2012_3,PTE3321
151,2012_2,PTE3322
152,2012_2,PTE3325
151,2013_1,PTE3329
153,2012_2,PTE3330
152,2015_2,PTE3331
152,2013_3,PTE3335
152,2014_1,PTE3336
154,2015_3,PTE3338
153,2012_3,PTE3339
153,2014_1,PTE3340
152,2012_1,PTE3341
152,2014_2,PTE3347
152,2013_2,PTE3348
153,2013_1,PTE3350
153,2013_2,PTE3352
154,2015_1,PTE3353
154,2013_2,PTE3355
154,2012_1,PTE3357
153,2014_2,PTE3358
155,2013_2,PTE3361
173,2015_3,PTE3362
155,2012_1,PTE3363
155,2014_1,PTE3366
154,2013_1,PTE3367
155,2015_2,PTE3370
156,2012_2,PTE3379
156,2015_2,PTE3382
157,2014_3,PTE3386
235,2014_2,PTE3390
158,2012_3,PTE3394
158,2014_3,PTE3397
159,2012_3,PTE3399
211,2013_1,PTE3404
157,2013_1,PTE3408
157,2015_3,PTE3409
214,2013_2,PTE3411
219,2012_2,PTE3416
159,2015_3,PTE3418
158,2014_2,PTE3419
159,2014_2,PTE3420
161,2013_3,PTE3422
161,2014_2,PTE3430
162,2013_3,PTE3431
162,2013_2,PTE3433
159,2012_2,PTE3434
160,2013_1,PTE3436
163,2013_2,PTE3437
160,2012_2,PTE3441
161,2012_2,PTE3442
161,2014_1,PTE3443
163,2014_3,PTE3447
164,2014_3,PTE3452
164,2013_3,PTE3453
165,2014_3,PTE3456
223,2012_1,PTE3462
164,2013_1,PTE3465
166,2014_3,PTE3467
163,2015_3,PTE3469
165,2013_1,PTE3470
167,2012_1,PTE3471
167,2014_3,PTE3480
163,2014_1,PTE3498
168,2012_2,PTE3506
169,2012_3,PTE3514
168,2015_2,PTE3515
170,2013_3,PTE3517
168,2015_1,PTE3530
169,2015_2,PTE3534
171,2013_2,PTE3538
170,2014_2,PTE3540
166,2015_3,PTE3541
167,2013_1,PTE3542
168,2015_3,PTE3546
170,2014_3,PTE3551
172,2013_3,PTE3554
172,2014_3,PTE3557
169,2013_1,PTE3560
171,2014_2,PTE3562
172,2014_2,PTE3563
168,2014_1,PTE3572
173,2014_3,PTE3573
172,2015_2,PTE3575
170,2015_3,PTE3582
181,2015_1,PTE3585
27,2012_3,PTE3589
190,2015_3,PTE3590
24,2015_1,PTE3591
25,2013_2,PTE3592
25,2015_1,PTE3594
23,2014_2,PTE3595
29,2014_3,PTE3596
29,2013_2,PTE3597
181,2015_2,PTE3598
66,2013_3,PTE36
30,2014_3,PTE3600
30,2012_3,PTE3601
27,2015_2,PTE3602
29,2015_2,PTE3604
33,2014_3,PTE3607
25,2012_2,PTE3608
210,2012_1,PTE3611
91,2013_3,PTE3617
90,2012_1,PTE3618
167,2012_3,PTE3619
89,2015_3,PTE3622
90,2015_3,PTE3624
89,2014_2,PTE3625
92,2013_1,PTE3626
92,2013_3,PTE3634
92,2015_3,PTE3635
92,2012_3,PTE3637
169,2012_1,PTE3638
93,2013_1,PTE3640
211,2012_1,PTE3641
91,2014_2,PTE3644
93,2012_1,PTE3648
169,2014_3,PTE3651
93,2014_2,PTE3657
94,2014_2,PTE3659
95,2014_1,PTE3662
93,2014_3,PTE3667
172,2012_3,PTE3670
95,2014_2,PTE3671
95,2013_2,PTE3672
174,2012_2,PTE3674
172,2013_1,PTE3676
96,2013_2,PTE3678
95,2013_1,PTE3680
96,2013_3,PTE3681
97,2014_3,PTE3682
204,2012_2,PTE3685
97,2014_2,PTE3690
212,2012_3,PTE3691
97,2015_2,PTE3694
99,2015_1,PTE3695
232,2015_3,PTE3696
77,2014_1,PTE37
169,2014_2,PTE3701
165,2015_3,PTE3708
168,2013_2,PTE3709
166,2015_2,PTE3711
215,2013_2,PTE3714
165,2012_3,PTE3717
166,2013_3,PTE3722
107,2015_2,PTE3733
167,2014_2,PTE3737
103,2015_1,PTE3739
108,2015_2,PTE3740
104,2015_1,PTE3742
207,2012_2,PTE3745
107,2013_1,PTE3747
108,2013_1,PTE3751
108,2014_2,PTE3754
162,2015_1,PTE3758
165,2014_2,PTE3765
154,2014_2,PTE3774
155,2014_2,PTE3775
208,2014_2,PTE3785
207,2014_1,PTE3786
209,2014_2,PTE3787
206,2014_3,PTE3788
163,2013_3,PTE3789
162,2014_2,PTE3794
162,2014_3,PTE3798
71,2015_3,PTE38
209,2014_3,PTE3802
210,2014_3,PTE3803
211,2014_3,PTE3804
163,2014_2,PTE3805
164,2013_2,PTE3808
212,2014_3,PTE3812
161,2013_1,PTE3814
163,2012_2,PTE3817
159,2014_1,PTE3821
160,2014_1,PTE3823
164,2014_2,PTE3824
165,2013_2,PTE3826
215,2014_2,PTE3830
88,2012_2,PTE3836
88,2014_3,PTE3837
88,2012_3,PTE3839
89,2012_2,PTE3840
88,2014_1,PTE3841
89,2014_3,PTE3842
90,2014_3,PTE3844
89,2012_1,PTE3845
89,2013_3,PTE3847
89,2014_1,PTE3850
174,2013_3,PTE3852
173,2013_1,PTE3853
175,2014_2,PTE3854
237,2013_2,PTE3863
240,2014_3,PTE3865
235,2013_3,PTE3866
236,2013_3,PTE3867
239,2013_3,PTE3868
78,2014_2,PTE40
1,2012_2,PTE405
1,2013_2,PTE408
213,2014_2,PTE415
1,2012_1,PTE416
75,2012_2,PTE42
135,2014_3,PTE420
1,2012_3,PTE422
2,2014_1,PTE423
1,2014_2,PTE424
2,2012_3,PTE425
2,2015_1,PTE427
176,2013_1,PTE428
2,2014_2,PTE429
69,2013_3,PTE43
2,2012_1,PTE437
150,2014_3,PTE442
153,2013_3,PTE448
155,2013_1,PTE449
176,2013_2,PTE450
158,2013_1,PTE456
4,2015_1,PTE458
4,2012_1,PTE459
168,2014_2,PTE460
4,2013_2,PTE469
165,2015_1,PTE473
168,2012_3,PTE474
5,2012_1,PTE477
76,2012_2,PTE48
5,2014_1,PTE482
2,2012_2,PTE483
4,2014_2,PTE486
173,2015_2,PTE488
70,2013_2,PTE49
173,2013_3,PTE494
6,2012_1,PTE495
6,2014_2,PTE497
70,2013_1,PTE50
3,2012_2,PTE508
71,2015_2,PTE51
5,2012_3,PTE514
173,2015_1,PTE520
172,2015_3,PTE522
175,2013_3,PTE525
6,2015_2,PTE526
72,2013_1,PTE53
231,2013_2,PTE531
6,2013_1,PTE538
71,2015_1,PTE54
10,2013_2,PTE542
8,2012_3,PTE543
7,2013_1,PTE547
6,2015_3,PTE551
7,2015_3,PTE553
10,2014_2,PTE559
11,2013_2,PTE567
8,2013_1,PTE569
9,2015_2,PTE570
10,2012_3,PTE575
176,2014_3,PTE581
9,2013_1,PTE584
9,2014_1,PTE586
6,2013_3,PTE589
10,2012_2,PTE591
7,2013_3,PTE593
10,2014_1,PTE595
10,2012_1,PTE606
10,2013_1,PTE608
10,2015_3,PTE609
11,2012_1,PTE614
7,2014_3,PTE618
73,2013_3,PTE62
11,2015_2,PTE621
77,2015_3,PTE63
9,2014_3,PTE640
10,2014_3,PTE644
8,2015_1,PTE646
80,2014_1,PTE65
11,2014_3,PTE653
8,2013_3,PTE656
12,2014_2,PTE664
12,2012_1,PTE666
11,2015_3,PTE667
9,2015_1,PTE668
13,2014_1,PTE669
13,2012_3,PTE679
73,2013_2,PTE68
13,2013_2,PTE681
12,2015_2,PTE684
13,2014_2,PTE686
11,2013_1,PTE688
13,2012_1,PTE689
14,2012_1,PTE690
12,2015_3,PTE691
13,2015_3,PTE692
14,2015_3,PTE693
13,2015_2,PTE695
13,2014_3,PTE696
12,2013_1,PTE699
83,2014_2,PTE70
10,2015_1,PTE700
14,2013_2,PTE711
13,2012_2,PTE718
73,2015_2,PTE72
14,2014_2,PTE722
16,2015_2,PTE723
15,2012_3,PTE728
14,2014_1,PTE729
14,2014_3,PTE731
15,2014_1,PTE732
15,2013_1,PTE733
11,2013_3,PTE734
12,2013_3,PTE736
17,2015_2,PTE737
15,2014_2,PTE739
75,2015_1,PTE74
178,2014_3,PTE740
16,2014_1,PTE741
14,2013_3,PTE742
15,2013_3,PTE744
16,2015_1,PTE745
16,2013_1,PTE751
15,2012_2,PTE757
15,2014_3,PTE761
16,2014_3,PTE763
16,2015_3,PTE764
16,2013_3,PTE766
17,2012_1,PTE767
17,2012_3,PTE768
80,2012_1,PTE77
17,2015_3,PTE770
17,2012_2,PTE774
17,2014_2,PTE778
75,2013_2,PTE78
17,2013_2,PTE785
17,2013_3,PTE790
176,2014_1,PTE792
178,2014_2,PTE793
178,2014_1,PTE795
179,2014_3,PTE826
80,2014_3,PTE83
202,2012_1,PTE831
76,2013_2,PTE84
18,2015_2,PTE842
18,2013_3,PTE843
18,2014_3,PTE845
175,2015_1,PTE849
81,2012_2,PTE85
18,2015_3,PTE850
19,2015_3,PTE851
19,2013_3,PTE856
18,2014_2,PTE857
18,2015_1,PTE858
176,2015_3,PTE860
19,2014_3,PTE861
177,2015_3,PTE862
20,2013_3,PTE863
178,2015_3,PTE865
18,2012_1,PTE866
19,2012_1,PTE868
18,2013_2,PTE874
179,2015_3,PTE876
19,2013_2,PTE877
21,2013_3,PTE879
20,2015_3,PTE880
19,2015_2,PTE882
19,2012_2,PTE883
22,2013_3,PTE884
21,2015_3,PTE885
19,2015_1,PTE886
81,2012_3,PTE89
20,2012_2,PTE893
19,2014_2,PTE894
21,2013_2,PTE895
22,2012_1,PTE906
18,2013_1,PTE909
82,2012_3,PTE91
181,2015_3,PTE910
23,2013_2,PTE911
178,2015_1,PTE912
24,2015_3,PTE915
22,2015_1,PTE916
22,2014_3,PTE918
23,2014_3,PTE921
179,2015_1,PTE923
182,2015_3,PTE925
20,2012_3,PTE927
25,2015_3,PTE928
24,2013_3,PTE929
25,2014_3,PTE932
21,2012_3,PTE933
27,2012_1,PTE934
180,2014_3,PTE935
28,2012_1,PTE936
21,2014_2,PTE938
22,2012_3,PTE939
82,2014_3,PTE94
183,2015_3,PTE941
181,2014_3,PTE942
25,2013_3,PTE945
20,2014_1,PTE947
26,2013_3,PTE949
82,2012_1,PTE95
184,2015_3,PTE952
25,2012_3,PTE953
29,2012_1,PTE955
22,2012_2,PTE956
179,2014_2,PTE957
20,2013_1,PTE959
83,2012_2,PTE96
28,2013_3,PTE960
21,2014_1,PTE962
185,2015_3,PTE963
26,2012_3,PTE964
186,2015_3,PTE967
187,2015_3,PTE969
180,2015_2,PTE970
188,2015_3,PTE971
182,2015_1,PTE972
22,2013_1,PTE973
189,2015_3,PTE975
23,2013_1,PTE977
179,2014_1,PTE979
80,2015_1,PTE98
27,2014_3,PTE981
29,2013_3,PTE984
24,2014_1,PTE986
28,2014_3,PTE988
191,2015_3,PTE991
24,2013_1,PTE996
28,2012_3,PTE998
1,2016_1,PTE06
2,2016_1,PTE07
3,2016_1,PTE09
4,2016_1,PTE16
5,2016_1,PTE32
6,2016_1,PTE46
7,2016_1,PTE48
8,2016_1,PTE68
9,2016_1,PTE71
10,2016_1,PTE78
11,2016_1,PTE79
12,2016_1,PTE84
13,2016_1,PTE97
14,2016_1,PTE130
15,2016_1,PTE131
16,2016_1,PTE135
17,2016_1,PTE140
18,2016_1,PTE150
19,2016_1,PTE193
20,2016_1,PTE196
21,2016_1,PTE198
22,2016_1,PTE207
23,2016_1,PTE214
24,2016_1,PTE246
25,2016_1,PTE247
26,2016_1,PTE249
27,2016_1,PTE413
28,2016_1,PTE416
29,2016_1,PTE417
30,2016_1,PTE424
31,2016_1,PTE448
32,2016_1,PTE449
33,2016_1,PTE453
34,2016_1,PTE486
35,2016_1,PTE499
36,2016_1,PTE560
37,2016_1,PTE573
38,2016_1,PTE583
39,2016_1,PTE602
40,2016_1,PTE604
41,2016_1,PTE698
42,2016_1,PTE721
43,2016_1,PTE741
44,2016_1,PTE748
45,2016_1,PTE775
46,2016_1,PTE870
47,2016_1,PTE883
48,2016_1,PTE890
49,2016_1,PTE899
50,2016_1,PTE917
51,2016_1,PTE922
52,2016_1,PTE933
53,2016_1,PTE943
54,2016_1,PTE1089
55,2016_1,PTE1124
56,2016_1,PTE1196
57,2016_1,PTE1201
58,2016_1,PTE1214
59,2016_1,PTE1231
60,2016_1,PTE1238
61,2016_1,PTE1239
62,2016_1,PTE1242
63,2016_1,PTE1258
64,2016_1,PTE1284
65,2016_1,PTE1293
66,2016_1,PTE1300
67,2016_1,PTE1310
68,2016_1,PTE1326
69,2016_1,PTE1356
70,2016_1,PTE1382
71,2016_1,PTE1429
72,2016_1,PTE1453
73,2016_1,PTE1478
74,2016_1,PTE1579
75,2016_1,PTE1587
76,2016_1,PTE1589
77,2016_1,PTE1614
78,2016_1,PTE1632
79,2016_1,PTE1636
80,2016_1,PTE1654
81,2016_1,PTE1670
82,2016_1,PTE1672
83,2016_1,PTE1739
84,2016_1,PTE1758
85,2016_1,PTE1805
86,2016_1,PTE1830
87,2016_1,PTE1835
88,2016_1,PTE1848
89,2016_1,PTE1879
90,2016_1,PTE1881
91,2016_1,PTE1895
92,2016_1,PTE1914
93,2016_1,PTE1929
94,2016_1,PTE1969
95,2016_1,PTE2009
96,2016_1,PTE2017
97,2016_1,PTE2040
98,2016_1,PTE2044
99,2016_1,PTE2065
100,2016_1,PTE2069
101,2016_1,PTE2075
102,2016_1,PTE2081
103,2016_1,PTE2088
104,2016_1,PTE2096
105,2016_1,PTE2097
106,2016_1,PTE2115
107,2016_1,PTE2118
108,2016_1,PTE2124
109,2016_1,PTE2126
110,2016_1,PTE2138
111,2016_1,PTE2155
112,2016_1,PTE2216
113,2016_1,PTE2267
114,2016_1,PTE2268
115,2016_1,PTE2274
116,2016_1,PTE2295
117,2016_1,PTE2298
118,2016_1,PTE2318
119,2016_1,PTE2320
120,2016_1,PTE2324
121,2016_1,PTE2352
122,2016_1,PTE2390
123,2016_1,PTE2405
124,2016_1,PTE2435
125,2016_1,PTE2485
126,2016_1,PTE2488
127,2016_1,PTE2637
128,2016_1,PTE2659
129,2016_1,PTE2661
130,2016_1,PTE2668
131,2016_1,PTE2685
132,2016_1,PTE2709
133,2016_1,PTE2726
134,2016_1,PTE2731
135,2016_1,PTE2734
136,2016_1,PTE2742
137,2016_1,PTE2745
138,2016_1,PTE2785
139,2016_1,PTE2855
140,2016_1,PTE2978
141,2016_1,PTE3128
142,2016_1,PTE3152
143,2016_1,PTE3182
144,2016_1,PTE3193
145,2016_1,PTE3197
146,2016_1,PTE3271
147,2016_1,PTE3272
148,2016_1,PTE3317
149,2016_1,PTE3340
150,2016_1,PTE3348
151,2016_1,PTE3369
152,2016_1,PTE3378
153,2016_1,PTE3416
154,2016_1,PTE3461
155,2016_1,PTE3468
156,2016_1,PTE3476
157,2016_1,PTE3509
158,2016_1,PTE3525
159,2016_1,PTE3554
160,2016_1,PTE2537
161,2016_1,PTE2550
162,2016_1,PTE2564
163,2016_1,PTE2587
164,2016_1,PTE3600
165,2016_1,PTE3646
166,2016_1,PTE3675
167,2016_1,PTE3676
168,2016_1,PTE3685
169,2016_1,PTE3698
170,2016_1,PTE3791
171,2016_1,PTE3796
172,2016_1,PTE3819
173,2016_1,PTE3831
174,2016_1,PTE3863
175,2016_1,PTE3864
176,2016_1,PTE162
177,2016_1,PTE181
178,2016_1,PTE226
179,2016_1,PTE244
180,2016_1,PTE251
181,2016_1,PTE257
182,2016_1,PTE259
183,2016_1,PTE262
184,2016_1,PTE263
185,2016_1,PTE267
186,2016_1,PTE270
187,2016_1,PTE275
188,2016_1,PTE276
189,2016_1,PTE277
190,2016_1,PTE280
191,2016_1,PTE283
192,2016_1,PTE284
193,2016_1,PTE286
194,2016_1,PTE289
195,2016_1,PTE291
196,2016_1,PTE297
197,2016_1,PTE303
198,2016_1,PTE306
199,2016_1,PTE308
200,2016_1,PTE313
201,2016_1,PTE314
202,2016_1,PTE316
203,2016_1,PTE319
204,2016_1,PTE321
205,2016_1,PTE325
206,2016_1,PTE331
207,2016_1,PTE335
208,2016_1,PTE337
209,2016_1,PTE338
210,2016_1,PTE340
211,2016_1,PTE344
212,2016_1,PTE346
213,2016_1,PTE426
214,2016_1,PTE445
215,2016_1,PTE504
216,2016_1,PTE1185
217,2016_1,PTE1341
218,2016_1,PTE1345
219,2016_1,PTE1667
220,2016_1,PTE1812
221,2016_1,PTE1825
222,2016_1,PTE1839
223,2016_1,PTE1852
224,2016_1,PTE1933
225,2016_1,PTE1935
226,2016_1,PTE1939
227,2016_1,PTE1943
228,2016_1,PTE2024
229,2016_1,PTE2038
230,2016_1,PTE2064
231,2016_1,PTE2066
232,2016_1,PTE2073
233,2016_1,PTE2134
234,2016_1,PTE2472
235,2016_1,PTE2498
236,2016_1,PTE2636
237,2016_1,PTE2823
238,2016_1,PTE2869
239,2016_1,PTE2881
240,2016_1,PTE2902
1,2016_2,PTE20
2,2016_2,PTE27
3,2016_2,PTE33
4,2016_2,PTE36
5,2016_2,PTE39
6,2016_2,PTE42
7,2016_2,PTE47
8,2016_2,PTE56
9,2016_2,PTE58
10,2016_2,PTE77
11,2016_2,PTE89
12,2016_2,PTE115
13,2016_2,PTE148
14,2016_2,PTE156
15,2016_2,PTE188
16,2016_2,PTE205
17,2016_2,PTE218
18,2016_2,PTE221
19,2016_2,PTE227
20,2016_2,PTE231
21,2016_2,PTE234
22,2016_2,PTE236
23,2016_2,PTE237
24,2016_2,PTE238
25,2016_2,PTE243
26,2016_2,PTE248
27,2016_2,PTE407
28,2016_2,PTE429
29,2016_2,PTE435
30,2016_2,PTE452
31,2016_2,PTE456
32,2016_2,PTE475
33,2016_2,PTE497
34,2016_2,PTE501
35,2016_2,PTE514
36,2016_2,PTE524
37,2016_2,PTE576
38,2016_2,PTE608
39,2016_2,PTE636
40,2016_2,PTE644
41,2016_2,PTE675
42,2016_2,PTE678
43,2016_2,PTE767
44,2016_2,PTE773
45,2016_2,PTE792
46,2016_2,PTE869
47,2016_2,PTE875
48,2016_2,PTE889
49,2016_2,PTE937
50,2016_2,PTE955
51,2016_2,PTE986
52,2016_2,PTE1007
53,2016_2,PTE1013
54,2016_2,PTE1055
55,2016_2,PTE1091
56,2016_2,PTE1133
57,2016_2,PTE1153
58,2016_2,PTE1161
59,2016_2,PTE1163
60,2016_2,PTE1165
61,2016_2,PTE1180
62,2016_2,PTE1211
63,2016_2,PTE1220
64,2016_2,PTE1225
65,2016_2,PTE1261
66,2016_2,PTE1285
67,2016_2,PTE1299
68,2016_2,PTE1351
69,2016_2,PTE1430
70,2016_2,PTE1435
71,2016_2,PTE1502
72,2016_2,PTE1580
73,2016_2,PTE1590
74,2016_2,PTE1596
75,2016_2,PTE1604
76,2016_2,PTE1610
77,2016_2,PTE1649
78,2016_2,PTE1656
79,2016_2,PTE1669
80,2016_2,PTE1694
81,2016_2,PTE1701
82,2016_2,PTE1719
83,2016_2,PTE1756
84,2016_2,PTE1761
85,2016_2,PTE1773
86,2016_2,PTE1843
87,2016_2,PTE1861
88,2016_2,PTE1865
89,2016_2,PTE1876
90,2016_2,PTE1897
91,2016_2,PTE1916
92,2016_2,PTE1926
93,2016_2,PTE1941
94,2016_2,PTE1972
95,2016_2,PTE1993
96,2016_2,PTE2004
97,2016_2,PTE2077
98,2016_2,PTE2085
99,2016_2,PTE2095
100,2016_2,PTE2100
101,2016_2,PTE2106
102,2016_2,PTE2129
103,2016_2,PTE2150
104,2016_2,PTE2164
105,2016_2,PTE2173
106,2016_2,PTE2203
107,2016_2,PTE2242
108,2016_2,PTE2258
109,2016_2,PTE2279
110,2016_2,PTE2289
111,2016_2,PTE2292
112,2016_2,PTE2299
113,2016_2,PTE2300
114,2016_2,PTE2364
115,2016_2,PTE2369
116,2016_2,PTE2370
117,2016_2,PTE2381
118,2016_2,PTE2394
119,2016_2,PTE2396
120,2016_2,PTE2397
121,2016_2,PTE2409
122,2016_2,PTE2448
123,2016_2,PTE2483
124,2016_2,PTE2484
125,2016_2,PTE2486
126,2016_2,PTE2494
127,2016_2,PTE2613
128,2016_2,PTE2647
129,2016_2,PTE2663
130,2016_2,PTE2717
131,2016_2,PTE2778
132,2016_2,PTE2779
133,2016_2,PTE2846
134,2016_2,PTE2887
135,2016_2,PTE2899
136,2016_2,PTE3006
137,2016_2,PTE3007
138,2016_2,PTE3008
139,2016_2,PTE3010
140,2016_2,PTE3018
141,2016_2,PTE3141
142,2016_2,PTE3164
143,2016_2,PTE3187
144,2016_2,PTE3189
145,2016_2,PTE3212
146,2016_2,PTE3227
147,2016_2,PTE3242
148,2016_2,PTE3252
149,2016_2,PTE3302
150,2016_2,PTE3322
151,2016_2,PTE3354
152,2016_2,PTE3355
153,2016_2,PTE3386
154,2016_2,PTE3389
155,2016_2,PTE3428
156,2016_2,PTE3453
157,2016_2,PTE3459
158,2016_2,PTE3465
159,2016_2,PTE3470
160,2016_2,PTE3488
161,2016_2,PTE3500
162,2016_2,PTE3568
163,2016_2,PTE2593
164,2016_2,PTE3587
165,2016_2,PTE3597
166,2016_2,PTE3639
167,2016_2,PTE3672
168,2016_2,PTE3714
169,2016_2,PTE3736
170,2016_2,PTE3769
171,2016_2,PTE3821
172,2016_2,PTE3824
173,2016_2,PTE3850
174,2016_2,PTE3852
175,2016_2,PTE3866
176,2016_2,PTE163
177,2016_2,PTE177
178,2016_2,PTE180
179,2016_2,PTE228
180,2016_2,PTE241
181,2016_2,PTE252
182,2016_2,PTE260
183,2016_2,PTE261
184,2016_2,PTE265
185,2016_2,PTE268
186,2016_2,PTE272
187,2016_2,PTE273
188,2016_2,PTE274
189,2016_2,PTE278
190,2016_2,PTE282
191,2016_2,PTE287
192,2016_2,PTE292
193,2016_2,PTE294
194,2016_2,PTE295
195,2016_2,PTE300
196,2016_2,PTE302
197,2016_2,PTE310
198,2016_2,PTE311
199,2016_2,PTE317
200,2016_2,PTE323
201,2016_2,PTE324
202,2016_2,PTE326
203,2016_2,PTE327
204,2016_2,PTE328
205,2016_2,PTE334
206,2016_2,PTE339
207,2016_2,PTE342
208,2016_2,PTE343
209,2016_2,PTE345
210,2016_2,PTE461
211,2016_2,PTE523
212,2016_2,PTE1031
213,2016_2,PTE1035
214,2016_2,PTE1190
215,2016_2,PTE1246
216,2016_2,PTE1291
217,2016_2,PTE1321
218,2016_2,PTE1331
219,2016_2,PTE1338
220,2016_2,PTE1343
221,2016_2,PTE1555
222,2016_2,PTE1723
223,2016_2,PTE1735
224,2016_2,PTE1787
225,2016_2,PTE1822
226,2016_2,PTE1837
227,2016_2,PTE1891
228,2016_2,PTE1931
229,2016_2,PTE1937
230,2016_2,PTE1944
231,2016_2,PTE1995
232,2016_2,PTE2016
233,2016_2,PTE2083
234,2016_2,PTE2101
235,2016_2,PTE2452
236,2016_2,PTE2497
237,2016_2,PTE2500
238,2016_2,PTE2619
239,2016_2,PTE2639
240,2016_2,PTE2654
1,2016_3,PTE08
2,2016_3,PTE12
3,2016_3,PTE18
4,2016_3,PTE26
5,2016_3,PTE29
6,2016_3,PTE30
7,2016_3,PTE61
8,2016_3,PTE62
9,2016_3,PTE64
10,2016_3,PTE65
11,2016_3,PTE85
12,2016_3,PTE91
13,2016_3,PTE94
14,2016_3,PTE113
15,2016_3,PTE114
16,2016_3,PTE121
17,2016_3,PTE149
18,2016_3,PTE176
19,2016_3,PTE186
20,2016_3,PTE194
21,2016_3,PTE199
22,2016_3,PTE201
23,2016_3,PTE222
24,2016_3,PTE224
25,2016_3,PTE225
26,2016_3,PTE230
27,2016_3,PTE428
28,2016_3,PTE457
29,2016_3,PTE474
30,2016_3,PTE507
31,2016_3,PTE525
32,2016_3,PTE531
33,2016_3,PTE540
34,2016_3,PTE542
35,2016_3,PTE556
36,2016_3,PTE561
37,2016_3,PTE565
38,2016_3,PTE590
39,2016_3,PTE615
40,2016_3,PTE634
41,2016_3,PTE661
42,2016_3,PTE689
43,2016_3,PTE701
44,2016_3,PTE704
45,2016_3,PTE736
46,2016_3,PTE868
47,2016_3,PTE872
48,2016_3,PTE913
49,2016_3,PTE914
50,2016_3,PTE929
51,2016_3,PTE949
52,2016_3,PTE973
53,2016_3,PTE1008
54,2016_3,PTE1012
55,2016_3,PTE1022
56,2016_3,PTE1034
57,2016_3,PTE1074
58,2016_3,PTE1115
59,2016_3,PTE1122
60,2016_3,PTE1145
61,2016_3,PTE1178
62,2016_3,PTE1194
63,2016_3,PTE1202
64,2016_3,PTE1218
65,2016_3,PTE1230
66,2016_3,PTE1241
67,2016_3,PTE1247
68,2016_3,PTE1269
69,2016_3,PTE1281
70,2016_3,PTE1397
71,2016_3,PTE1417
72,2016_3,PTE1437
73,2016_3,PTE1455
74,2016_3,PTE1474
75,2016_3,PTE1497
76,2016_3,PTE1516
77,2016_3,PTE1543
78,2016_3,PTE1548
79,2016_3,PTE1569
80,2016_3,PTE1606
81,2016_3,PTE1617
82,2016_3,PTE1659
83,2016_3,PTE1681
84,2016_3,PTE1687
85,2016_3,PTE1711
86,2016_3,PTE1755
87,2016_3,PTE1760
88,2016_3,PTE1815
89,2016_3,PTE1856
90,2016_3,PTE1883
91,2016_3,PTE1904
92,2016_3,PTE1915
93,2016_3,PTE1932
94,2016_3,PTE1970
95,2016_3,PTE1976
96,2016_3,PTE1979
97,2016_3,PTE1980
98,2016_3,PTE2006
99,2016_3,PTE2013
100,2016_3,PTE2037
101,2016_3,PTE2048
102,2016_3,PTE2051
103,2016_3,PTE2070
104,2016_3,PTE2072
105,2016_3,PTE2084
106,2016_3,PTE2093
107,2016_3,PTE2094
108,2016_3,PTE2117
109,2016_3,PTE2122
110,2016_3,PTE2132
111,2016_3,PTE2144
112,2016_3,PTE2185
113,2016_3,PTE2208
114,2016_3,PTE2218
115,2016_3,PTE2223
116,2016_3,PTE2255
117,2016_3,PTE2269
118,2016_3,PTE2286
119,2016_3,PTE2288
120,2016_3,PTE2328
121,2016_3,PTE2332
122,2016_3,PTE2389
123,2016_3,PTE2414
124,2016_3,PTE2433
125,2016_3,PTE2457
126,2016_3,PTE2480
127,2016_3,PTE2649
128,2016_3,PTE2650
129,2016_3,PTE2665
130,2016_3,PTE2691
131,2016_3,PTE2692
132,2016_3,PTE2701
133,2016_3,PTE2710
134,2016_3,PTE2729
135,2016_3,PTE2812
136,2016_3,PTE2853
137,2016_3,PTE2858
138,2016_3,PTE2859
139,2016_3,PTE2882
140,2016_3,PTE2917
141,2016_3,PTE3005
142,2016_3,PTE3046
143,2016_3,PTE3086
144,2016_3,PTE3108
145,2016_3,PTE3143
146,2016_3,PTE3174
147,2016_3,PTE3188
148,2016_3,PTE3237
149,2016_3,PTE3254
150,2016_3,PTE3256
151,2016_3,PTE3312
152,2016_3,PTE3339
153,2016_3,PTE3352
154,2016_3,PTE3359
155,2016_3,PTE3363
156,2016_3,PTE3368
157,2016_3,PTE3413
158,2016_3,PTE3434
159,2016_3,PTE3505
160,2016_3,PTE3565
161,2016_3,PTE2531
162,2016_3,PTE2584
163,2016_3,PTE2591
164,2016_3,PTE3611
165,2016_3,PTE3619
166,2016_3,PTE3647
167,2016_3,PTE3671
168,2016_3,PTE3725
169,2016_3,PTE3732
170,2016_3,PTE3768
171,2016_3,PTE3775
172,2016_3,PTE3811
173,2016_3,PTE3814
174,2016_3,PTE3829
175,2016_3,PTE3868
176,2016_3,PTE191
177,2016_3,PTE250
178,2016_3,PTE253
179,2016_3,PTE255
180,2016_3,PTE256
181,2016_3,PTE258
182,2016_3,PTE264
183,2016_3,PTE266
184,2016_3,PTE269
185,2016_3,PTE271
186,2016_3,PTE279
187,2016_3,PTE285
188,2016_3,PTE288
189,2016_3,PTE290
190,2016_3,PTE296
191,2016_3,PTE298
192,2016_3,PTE299
193,2016_3,PTE301
194,2016_3,PTE304
195,2016_3,PTE307
196,2016_3,PTE309
197,2016_3,PTE312
198,2016_3,PTE315
199,2016_3,PTE318
200,2016_3,PTE320
201,2016_3,PTE332
202,2016_3,PTE333
203,2016_3,PTE336
204,2016_3,PTE341
205,2016_3,PTE347
206,2016_3,PTE406
207,2016_3,PTE438
208,2016_3,PTE508
209,2016_3,PTE527
210,2016_3,PTE1105
211,2016_3,PTE1320
212,2016_3,PTE1340
213,2016_3,PTE1344
214,2016_3,PTE1625
215,2016_3,PTE1640
216,2016_3,PTE1677
217,2016_3,PTE1721
218,2016_3,PTE1765
219,2016_3,PTE1778
220,2016_3,PTE1789
221,2016_3,PTE1840
222,2016_3,PTE1889
223,2016_3,PTE1919
224,2016_3,PTE1930
225,2016_3,PTE2059
226,2016_3,PTE2078
227,2016_3,PTE2108
228,2016_3,PTE2154
229,2016_3,PTE2167
230,2016_3,PTE2453
231,2016_3,PTE2479
232,2016_3,PTE2499
233,2016_3,PTE2614
234,2016_3,PTE2621
235,2016_3,PTE2652
236,2016_3,PTE2781
237,2016_3,PTE2849
238,2016_3,PTE2907
239,2016_3,PTE2912
240,2016_3,PTE2913
1,2017_1,PTE02
2,2017_1,PTE04
3,2017_1,PTE21
4,2017_1,PTE22
5,2017_1,PTE25
6,2017_1,PTE37
7,2017_1,PTE43
8,2017_1,PTE59
9,2017_1,PTE82
10,2017_1,PTE92
11,2017_1,PTE104
12,2017_1,PTE105
13,2017_1,PTE108
14,2017_1,PTE118
15,2017_1,PTE120
16,2017_1,PTE122
17,2017_1,PTE126
18,2017_1,PTE134
19,2017_1,PTE143
20,2017_1,PTE151
21,2017_1,PTE174
22,2017_1,PTE179
23,2017_1,PTE185
24,2017_1,PTE187
25,2017_1,PTE189
26,2017_1,PTE195
27,2017_1,PTE414
28,2017_1,PTE430
29,2017_1,PTE488
30,2017_1,PTE528
31,2017_1,PTE547
32,2017_1,PTE575
33,2017_1,PTE580
34,2017_1,PTE581
35,2017_1,PTE616
36,2017_1,PTE642
37,2017_1,PTE666
38,2017_1,PTE705
39,2017_1,PTE706
40,2017_1,PTE749
41,2017_1,PTE750
42,2017_1,PTE778
43,2017_1,PTE780
44,2017_1,PTE795
45,2017_1,PTE834
46,2017_1,PTE844
47,2017_1,PTE849
48,2017_1,PTE865
49,2017_1,PTE874
50,2017_1,PTE880
51,2017_1,PTE884
52,2017_1,PTE897
53,2017_1,PTE910
54,2017_1,PTE920
55,2017_1,PTE932
56,2017_1,PTE966
57,2017_1,PTE993
58,2017_1,PTE1002
59,2017_1,PTE1011
60,2017_1,PTE1019
61,2017_1,PTE1042
62,2017_1,PTE1049
63,2017_1,PTE1070
64,2017_1,PTE1093
65,2017_1,PTE1260
66,2017_1,PTE1289
67,2017_1,PTE1329
68,2017_1,PTE1330
69,2017_1,PTE1350
70,2017_1,PTE1363
71,2017_1,PTE1408
72,2017_1,PTE1425
73,2017_1,PTE1464
74,2017_1,PTE1477
75,2017_1,PTE1526
76,2017_1,PTE1563
77,2017_1,PTE1611
78,2017_1,PTE1618
79,2017_1,PTE1623
80,2017_1,PTE1635
81,2017_1,PTE1641
82,2017_1,PTE1651
83,2017_1,PTE1676
84,2017_1,PTE1691
85,2017_1,PTE1695
86,2017_1,PTE1738
87,2017_1,PTE1783
88,2017_1,PTE1793
89,2017_1,PTE1798
90,2017_1,PTE1845
91,2017_1,PTE1868
92,2017_1,PTE1886
93,2017_1,PTE1917
94,2017_1,PTE1978
95,2017_1,PTE1992
96,2017_1,PTE2011
97,2017_1,PTE2020
98,2017_1,PTE2049
99,2017_1,PTE2058
100,2017_1,PTE2060
101,2017_1,PTE2098
102,2017_1,PTE2107
103,2017_1,PTE2133
104,2017_1,PTE2141
105,2017_1,PTE2162
106,2017_1,PTE2176
107,2017_1,PTE2202
108,2017_1,PTE2206
109,2017_1,PTE2211
110,2017_1,PTE2226
111,2017_1,PTE2237
112,2017_1,PTE2240
113,2017_1,PTE2263
114,2017_1,PTE2281
115,2017_1,PTE2285
116,2017_1,PTE2308
117,2017_1,PTE2340
118,2017_1,PTE2362
119,2017_1,PTE2386
120,2017_1,PTE2391
121,2017_1,PTE2402
122,2017_1,PTE2410
123,2017_1,PTE2426
124,2017_1,PTE2468
125,2017_1,PTE2476
126,2017_1,PTE2478
127,2017_1,PTE2536
128,2017_1,PTE2558
129,2017_1,PTE2561
130,2017_1,PTE2582
131,2017_1,PTE2623
132,2017_1,PTE2662
133,2017_1,PTE2697
134,2017_1,PTE2736
135,2017_1,PTE2739
136,2017_1,PTE2747
137,2017_1,PTE2752
138,2017_1,PTE2784
139,2017_1,PTE2789
140,2017_1,PTE2864
141,2017_1,PTE2865
142,2017_1,PTE2873
143,2017_1,PTE2905
144,2017_1,PTE2918
145,2017_1,PTE2921
146,2017_1,PTE2982
147,2017_1,PTE3017
148,2017_1,PTE3020
149,2017_1,PTE3076
150,2017_1,PTE3146
151,2017_1,PTE3170
152,2017_1,PTE3176
153,2017_1,PTE3230
154,2017_1,PTE3308
155,2017_1,PTE3316
156,2017_1,PTE3329
157,2017_1,PTE3332
158,2017_1,PTE3336
159,2017_1,PTE3349
160,2017_1,PTE3377
161,2017_1,PTE3467
162,2017_1,PTE3524
163,2017_1,PTE3557
164,2017_1,PTE3605
165,2017_1,PTE3626
166,2017_1,PTE3631
167,2017_1,PTE3644
168,2017_1,PTE3689
169,2017_1,PTE3701
170,2017_1,PTE3722
171,2017_1,PTE3735
172,2017_1,PTE3747
173,2017_1,PTE3777
174,2017_1,PTE3802
175,2017_1,PTE3826
176,2017_1,PTE125
177,2017_1,PTE172
178,2017_1,PTE183
179,2017_1,PTE184
180,2017_1,PTE190
181,2017_1,PTE204
182,2017_1,PTE229
183,2017_1,PTE233
184,2017_1,PTE240
185,2017_1,PTE245
186,2017_1,PTE254
187,2017_1,PTE305
188,2017_1,PTE348
189,2017_1,PTE350
190,2017_1,PTE353
191,2017_1,PTE354
192,2017_1,PTE355
193,2017_1,PTE356
194,2017_1,PTE358
195,2017_1,PTE360
196,2017_1,PTE362
197,2017_1,PTE366
198,2017_1,PTE367
199,2017_1,PTE369
200,2017_1,PTE372
201,2017_1,PTE374
202,2017_1,PTE375
203,2017_1,PTE377
204,2017_1,PTE378
205,2017_1,PTE383
206,2017_1,PTE384
207,2017_1,PTE386
208,2017_1,PTE387
209,2017_1,PTE388
210,2017_1,PTE390
211,2017_1,PTE391
212,2017_1,PTE394
213,2017_1,PTE395
214,2017_1,PTE400
215,2017_1,PTE401
216,2017_1,PTE839
217,2017_1,PTE862
218,2017_1,PTE1357
219,2017_1,PTE1947
220,2017_1,PTE1948
221,2017_1,PTE1952
222,2017_1,PTE1954
223,2017_1,PTE1956
224,2017_1,PTE1957
225,2017_1,PTE1958
226,2017_1,PTE1959
227,2017_1,PTE1960
228,2017_1,PTE1961
229,2017_1,PTE1963
230,2017_1,PTE1964
231,2017_1,PTE1966
232,2017_1,PTE1968
233,2017_1,PTE1988
234,2017_1,PTE2503
235,2017_1,PTE2504
236,2017_1,PTE2506
237,2017_1,PTE2507
238,2017_1,PTE2508
239,2017_1,PTE2510
240,2017_1,PTE2517
1,2017_2,PTE03
2,2017_2,PTE05
3,2017_2,PTE14
4,2017_2,PTE23
5,2017_2,PTE45
6,2017_2,PTE57
7,2017_2,PTE60
8,2017_2,PTE70
9,2017_2,PTE72
10,2017_2,PTE75
11,2017_2,PTE76
12,2017_2,PTE81
13,2017_2,PTE110
14,2017_2,PTE112
15,2017_2,PTE126
16,2017_2,PTE129
17,2017_2,PTE142
18,2017_2,PTE144
19,2017_2,PTE152
20,2017_2,PTE197
21,2017_2,PTE210
22,2017_2,PTE219
23,2017_2,PTE220
24,2017_2,PTE223
25,2017_2,PTE232
26,2017_2,PTE239
27,2017_2,PTE434
28,2017_2,PTE440
29,2017_2,PTE459
30,2017_2,PTE464
31,2017_2,PTE476
32,2017_2,PTE491
33,2017_2,PTE492
34,2017_2,PTE526
35,2017_2,PTE591
36,2017_2,PTE603
37,2017_2,PTE617
38,2017_2,PTE619
39,2017_2,PTE691
40,2017_2,PTE696
41,2017_2,PTE712
42,2017_2,PTE732
43,2017_2,PTE753
44,2017_2,PTE759
45,2017_2,PTE789
46,2017_2,PTE892
47,2017_2,PTE907
48,2017_2,PTE938
49,2017_2,PTE942
50,2017_2,PTE945
51,2017_2,PTE948
52,2017_2,PTE980
53,2017_2,PTE995
54,2017_2,PTE996
55,2017_2,PTE1024
56,2017_2,PTE1028
57,2017_2,PTE1033
58,2017_2,PTE1057
59,2017_2,PTE1094
60,2017_2,PTE1100
61,2017_2,PTE1106
62,2017_2,PTE1116
63,2017_2,PTE1126
64,2017_2,PTE1143
65,2017_2,PTE1168
66,2017_2,PTE1182
67,2017_2,PTE1199
68,2017_2,PTE1216
69,2017_2,PTE1228
70,2017_2,PTE1232
71,2017_2,PTE1272
72,2017_2,PTE1307
73,2017_2,PTE1325
74,2017_2,PTE1385
75,2017_2,PTE1444
76,2017_2,PTE1456
77,2017_2,PTE1461
78,2017_2,PTE1473
79,2017_2,PTE1481
80,2017_2,PTE1499
81,2017_2,PTE1531
82,2017_2,PTE1537
83,2017_2,PTE1626
84,2017_2,PTE1684
85,2017_2,PTE1692
86,2017_2,PTE1706
87,2017_2,PTE1713
88,2017_2,PTE1720
89,2017_2,PTE1820
90,2017_2,PTE1868
91,2017_2,PTE1875
92,2017_2,PTE1911
93,2017_2,PTE1912
94,2017_2,PTE1991
95,2017_2,PTE1994
96,2017_2,PTE2033
97,2017_2,PTE2042
98,2017_2,PTE2043
99,2017_2,PTE2045
100,2017_2,PTE2079
101,2017_2,PTE2086
102,2017_2,PTE2099
103,2017_2,PTE2103
104,2017_2,PTE2116
105,2017_2,PTE2160
106,2017_2,PTE2188
107,2017_2,PTE2221
108,2017_2,PTE2227
109,2017_2,PTE2319
110,2017_2,PTE2325
111,2017_2,PTE2326
112,2017_2,PTE2331
113,2017_2,PTE2334
114,2017_2,PTE2346
115,2017_2,PTE2355
116,2017_2,PTE2377
117,2017_2,PTE2380
118,2017_2,PTE2392
119,2017_2,PTE2401
120,2017_2,PTE2412
121,2017_2,PTE2418
122,2017_2,PTE2423
123,2017_2,PTE2429
124,2017_2,PTE2454
125,2017_2,PTE2463
126,2017_2,PTE2464
127,2017_2,PTE2525
128,2017_2,PTE2540
129,2017_2,PTE2543
130,2017_2,PTE2578
131,2017_2,PTE2686
132,2017_2,PTE2687
133,2017_2,PTE2693
134,2017_2,PTE2700
135,2017_2,PTE2708
136,2017_2,PTE2730
137,2017_2,PTE2737
138,2017_2,PTE2738
139,2017_2,PTE2793
140,2017_2,PTE2814
141,2017_2,PTE2815
142,2017_2,PTE2826
143,2017_2,PTE2843
144,2017_2,PTE2870
145,2017_2,PTE2871
146,2017_2,PTE2920
147,2017_2,PTE2997
148,2017_2,PTE3000
149,2017_2,PTE3012
150,2017_2,PTE3038
151,2017_2,PTE3061
152,2017_2,PTE3114
153,2017_2,PTE3144
154,2017_2,PTE3155
155,2017_2,PTE3181
156,2017_2,PTE3216
157,2017_2,PTE3232
158,2017_2,PTE3273
159,2017_2,PTE3411
160,2017_2,PTE3431
161,2017_2,PTE3463
162,2017_2,PTE3501
163,2017_2,PTE3577
164,2017_2,PTE3586
165,2017_2,PTE3591
166,2017_2,PTE3642
167,2017_2,PTE3677
168,2017_2,PTE3710
169,2017_2,PTE3717
170,2017_2,PTE3752
171,2017_2,PTE3767
172,2017_2,PTE3789
173,2017_2,PTE3833
174,2017_2,PTE3860
175,2017_2,PTE3865
176,2017_2,PTE10
177,2017_2,PTE124
178,2017_2,PTE133
179,2017_2,PTE161
180,2017_2,PTE164
181,2017_2,PTE293
182,2017_2,PTE330
183,2017_2,PTE351
184,2017_2,PTE352
185,2017_2,PTE364
186,2017_2,PTE373
187,2017_2,PTE380
188,2017_2,PTE441
189,2017_2,PTE487
190,2017_2,PTE489
191,2017_2,PTE529
192,2017_2,PTE532
193,2017_2,PTE533
194,2017_2,PTE537
195,2017_2,PTE838
196,2017_2,PTE1130
197,2017_2,PTE1393
198,2017_2,PTE1571
199,2017_2,PTE1578
200,2017_2,PTE1583
201,2017_2,PTE1598
202,2017_2,PTE1648
203,2017_2,PTE1668
204,2017_2,PTE1688
205,2017_2,PTE1715
206,2017_2,PTE1717
207,2017_2,PTE1729
208,2017_2,PTE1791
209,2017_2,PTE1799
210,2017_2,PTE1809
211,2017_2,PTE1814
212,2017_2,PTE1821
213,2017_2,PTE1831
214,2017_2,PTE1859
215,2017_2,PTE1863
216,2017_2,PTE1887
217,2017_2,PTE1900
218,2017_2,PTE1913
219,2017_2,PTE1920
220,2017_2,PTE1923
221,2017_2,PTE1938
222,2017_2,PTE1945
223,2017_2,PTE1973
224,2017_2,PTE1985
225,2017_2,PTE2000
226,2017_2,PTE2071
227,2017_2,PTE2114
228,2017_2,PTE2123
229,2017_2,PTE2169
230,2017_2,PTE2231
231,2017_2,PTE2382
232,2017_2,PTE2400
233,2017_2,PTE2420
234,2017_2,PTE2447
235,2017_2,PTE2451
236,2017_2,PTE2474
237,2017_2,PTE2477
238,2017_2,PTE2495
239,2017_2,PTE2502
240,2017_2,PTE2600
1,2017_3,PTE07
2,2017_3,PTE12
3,2017_3,PTE15
4,2017_3,PTE24
5,2017_3,PTE26
6,2017_3,PTE40
7,2017_3,PTE41
8,2017_3,PTE48
9,2017_3,PTE52
10,2017_3,PTE66
11,2017_3,PTE67
12,2017_3,PTE80
13,2017_3,PTE99
14,2017_3,PTE106
15,2017_3,PTE116
16,2017_3,PTE146
17,2017_3,PTE158
18,2017_3,PTE170
19,2017_3,PTE176
20,2017_3,PTE182
21,2017_3,PTE194
22,2017_3,PTE201
23,2017_3,PTE206
24,2017_3,PTE216
25,2017_3,PTE222
26,2017_3,PTE248
27,2017_3,PTE450
28,2017_3,PTE455
29,2017_3,PTE477
30,2017_3,PTE484
31,2017_3,PTE493
32,2017_3,PTE509
33,2017_3,PTE521
34,2017_3,PTE534
35,2017_3,PTE597
36,2017_3,PTE632
37,2017_3,PTE662
38,2017_3,PTE677
39,2017_3,PTE727
40,2017_3,PTE731
41,2017_3,PTE757
42,2017_3,PTE776
43,2017_3,PTE783
44,2017_3,PTE785
45,2017_3,PTE830
46,2017_3,PTE842
47,2017_3,PTE846
48,2017_3,PTE867
49,2017_3,PTE878
50,2017_3,PTE956
51,2017_3,PTE957
52,2017_3,PTE970
53,2017_3,PTE1000
54,2017_3,PTE1009
55,2017_3,PTE1018
56,2017_3,PTE1053
57,2017_3,PTE1076
58,2017_3,PTE1087
59,2017_3,PTE1103
60,2017_3,PTE1176
61,2017_3,PTE1186
62,2017_3,PTE1204
63,2017_3,PTE1206
64,2017_3,PTE1251
65,2017_3,PTE1294
66,2017_3,PTE1296
67,2017_3,PTE1362
68,2017_3,PTE1392
69,2017_3,PTE1413
70,2017_3,PTE1451
71,2017_3,PTE1468
72,2017_3,PTE1527
73,2017_3,PTE1552
74,2017_3,PTE1556
75,2017_3,PTE1602
76,2017_3,PTE1613
77,2017_3,PTE1624
78,2017_3,PTE1628
79,2017_3,PTE1660
80,2017_3,PTE1664
81,2017_3,PTE1673
82,2017_3,PTE1690
83,2017_3,PTE1699
84,2017_3,PTE1716
85,2017_3,PTE1724
86,2017_3,PTE1743
87,2017_3,PTE1774
88,2017_3,PTE1790
89,2017_3,PTE1866
90,2017_3,PTE1877
91,2017_3,PTE1885
92,2017_3,PTE1894
93,2017_3,PTE1925
94,2017_3,PTE1999
95,2017_3,PTE2002
96,2017_3,PTE2005
97,2017_3,PTE2008
98,2017_3,PTE2010
99,2017_3,PTE2039
100,2017_3,PTE2043
101,2017_3,PTE2090
102,2017_3,PTE2111
103,2017_3,PTE2113
104,2017_3,PTE2135
105,2017_3,PTE2140
106,2017_3,PTE2166
107,2017_3,PTE2170
108,2017_3,PTE2171
109,2017_3,PTE2172
110,2017_3,PTE2207
111,2017_3,PTE2220
112,2017_3,PTE2229
113,2017_3,PTE2233
114,2017_3,PTE2257
115,2017_3,PTE2287
116,2017_3,PTE2313
117,2017_3,PTE2333
118,2017_3,PTE2339
119,2017_3,PTE2347
120,2017_3,PTE2360
121,2017_3,PTE2361
122,2017_3,PTE2367
123,2017_3,PTE2373
124,2017_3,PTE2408
125,2017_3,PTE2456
126,2017_3,PTE2460
127,2017_3,PTE2528
128,2017_3,PTE2545
129,2017_3,PTE2554
130,2017_3,PTE2572
131,2017_3,PTE2581
132,2017_3,PTE2583
133,2017_3,PTE2608
134,2017_3,PTE2655
135,2017_3,PTE2664
136,2017_3,PTE2674
137,2017_3,PTE2703
138,2017_3,PTE2705
139,2017_3,PTE2756
140,2017_3,PTE2759
141,2017_3,PTE2772
142,2017_3,PTE2786
143,2017_3,PTE2857
144,2017_3,PTE2876
145,2017_3,PTE2883
146,2017_3,PTE2922
147,2017_3,PTE2925
148,2017_3,PTE2992
149,2017_3,PTE3004
150,2017_3,PTE3100
151,2017_3,PTE3158
152,2017_3,PTE3160
153,2017_3,PTE3207
154,2017_3,PTE3235
155,2017_3,PTE3244
156,2017_3,PTE3286
157,2017_3,PTE3304
158,2017_3,PTE3337
159,2017_3,PTE3384
160,2017_3,PTE3390
161,2017_3,PTE3405
162,2017_3,PTE3448
163,2017_3,PTE3512
164,2017_3,PTE3595
165,2017_3,PTE3625
166,2017_3,PTE3665
167,2017_3,PTE3688
168,2017_3,PTE3705
169,2017_3,PTE3708
170,2017_3,PTE3730
171,2017_3,PTE3751
172,2017_3,PTE3776
173,2017_3,PTE3778
174,2017_3,PTE3797
175,2017_3,PTE3861
176,2017_3,PTE19
177,2017_3,PTE34
178,2017_3,PTE123
179,2017_3,PTE132
180,2017_3,PTE157
181,2017_3,PTE235
182,2017_3,PTE281
183,2017_3,PTE322
184,2017_3,PTE329
185,2017_3,PTE349
186,2017_3,PTE357
187,2017_3,PTE359
188,2017_3,PTE361
189,2017_3,PTE370
190,2017_3,PTE376
191,2017_3,PTE393
192,2017_3,PTE396
193,2017_3,PTE397
194,2017_3,PTE399
195,2017_3,PTE402
196,2017_3,PTE432
197,2017_3,PTE881
198,2017_3,PTE912
199,2017_3,PTE923
200,2017_3,PTE946
201,2017_3,PTE972
202,2017_3,PTE987
203,2017_3,PTE992
204,2017_3,PTE1021
205,2017_3,PTE1067
206,2017_3,PTE1084
207,2017_3,PTE1155
208,2017_3,PTE1174
209,2017_3,PTE1192
210,2017_3,PTE1235
211,2017_3,PTE1262
212,2017_3,PTE1271
213,2017_3,PTE1276
214,2017_3,PTE1305
215,2017_3,PTE1314
216,2017_3,PTE1324
217,2017_3,PTE1332
218,2017_3,PTE1333
219,2017_3,PTE1342
220,2017_3,PTE1352
221,2017_3,PTE1374
222,2017_3,PTE1386
223,2017_3,PTE1426
224,2017_3,PTE1465
225,2017_3,PTE1471
226,2017_3,PTE1482
227,2017_3,PTE1503
228,2017_3,PTE1509
229,2017_3,PTE1950
230,2017_3,PTE1953
231,2017_3,PTE1955
232,2017_3,PTE1962
233,2017_3,PTE1965
234,2017_3,PTE1967
235,2017_3,PTE2505
236,2017_3,PTE2509
237,2017_3,PTE2514
238,2017_3,PTE2515
239,2017_3,PTE2601
240,2017_3,PTE2909
1,2018_1,PTE3646
2,2018_1,PTE3783
3,2018_1,PTE3850
4,2018_1,PTE3788
5,2018_1,PTE3863
6,2018_1,PTE3649
7,2018_1,PTE3727
8,2018_1,PTE3791
9,2018_1,PTE3676
10,2018_1,PTE3825
11,2018_1,PTE3698
12,2018_1,PTE3868
13,2018_1,PTE1682
14,2018_1,PTE1244
15,2018_1,PTE1672
16,2018_1,PTE1670
17,2018_1,PTE1654
18,2018_1,PTE1867
19,2018_1,PTE866
20,2018_1,PTE1749
21,2018_1,PTE1881
22,2018_1,PTE1214
23,2018_1,PTE870
24,2018_1,PTE1218
25,2018_1,PTE1124
26,2018_1,PTE1223
27,2018_1,PTE1064
28,2018_1,PTE877
29,2018_1,PTE1089
30,2018_1,PTE1258
31,2018_1,PTE941
32,2018_1,PTE917
33,2018_1,PTE1339
34,2018_1,PTE1326
35,2018_1,PTE1211
36,2018_1,PTE890
37,2018_1,PTE955
38,2018_1,PTE918
39,2018_1,PTE913
40,2018_1,PTE1417
41,2018_1,PTE1441
42,2018_1,PTE1356
43,2018_1,PTE899
44,2018_1,PTE1382
45,2018_1,PTE1895
46,2018_1,PTE1732
47,2018_1,PTE1478
48,2018_1,PTE1472
49,2018_1,PTE1862
50,2018_1,PTE1932
51,2018_1,PTE1914
52,2018_1,PTE1284
53,2018_1,PTE1725
54,2018_1,PTE1589
55,2018_1,PTE1929
56,2018_1,PTE1530
57,2018_1,PTE1619
58,2018_1,PTE1806
59,2018_1,PTE1573
60,2018_1,PTE1616
61,2018_1,PTE128
62,2018_1,PTE84
63,2018_1,PTE78
64,2018_1,PTE46
65,2018_1,PTE33
66,2018_1,PTE68
67,2018_1,PTE83
68,2018_1,PTE79
69,2018_1,PTE87
70,2018_1,PTE61
71,2018_1,PTE153
72,2018_1,PTE156
73,2018_1,PTE150
74,2018_1,PTE131
75,2018_1,PTE196
76,2018_1,PTE202
77,2018_1,PTE08
78,2018_1,PTE344
79,2018_1,PTE218
80,2018_1,PTE300
81,2018_1,PTE258
82,2018_1,PTE214
83,2018_1,PTE16
84,2018_1,PTE292
85,2018_1,PTE207
86,2018_1,PTE246
87,2018_1,PTE2052
88,2018_1,PTE1987
89,2018_1,PTE2324
90,2018_1,PTE1969
91,2018_1,PTE2157
92,2018_1,PTE2268
93,2018_1,PTE2267
94,2018_1,PTE2376
95,2018_1,PTE2249
96,2018_1,PTE2318
97,2018_1,PTE2388
98,2018_1,PTE2273
99,2018_1,PTE2244
100,2018_1,PTE2352
101,2018_1,PTE2218
102,2018_1,PTE2486
103,2018_1,PTE2338
104,2018_1,PTE2109
105,2018_1,PTE2300
106,2018_1,PTE2488
107,2018_1,PTE2040
108,2018_1,PTE2305
109,2018_1,PTE2483
110,2018_1,PTE2435
111,2018_1,PTE2074
112,2018_1,PTE2349
113,2018_1,PTE2415
114,2018_1,PTE2096
115,2018_1,PTE2075
116,2018_1,PTE2032
117,2018_1,PTE2029
118,2018_1,PTE2138
119,2018_1,PTE2155
120,2018_1,PTE3339
121,2018_1,PTE3348
122,2018_1,PTE3305
123,2018_1,PTE3369
124,2018_1,PTE3410
125,2018_1,PTE3468
126,2018_1,PTE3288
127,2018_1,PTE3217
128,2018_1,PTE2978
129,2018_1,PTE3518
130,2018_1,PTE3420
131,2018_1,PTE3281
132,2018_1,PTE3278
133,2018_1,PTE2587
134,2018_1,PTE3340
135,2018_1,PTE3354
136,2018_1,PTE2550
137,2018_1,PTE3476
138,2018_1,PTE2658
139,2018_1,PTE2637
140,2018_1,PTE2763
141,2018_1,PTE3135
142,2018_1,PTE2745
143,2018_1,PTE3385
144,2018_1,PTE3562
145,2018_1,PTE2635
146,2018_1,PTE2692
147,2018_1,PTE2649
148,2018_1,PTE2537
149,2018_1,PTE2650
150,2018_1,PTE3197
151,2018_1,PTE2846
152,2018_1,PTE3145
153,2018_1,PTE3193
154,2018_1,PTE2937
155,2018_1,PTE3201
156,2018_1,PTE3152
157,2018_1,PTE475
158,2018_1,PTE412
159,2018_1,PTE637
160,2018_1,PTE424
161,2018_1,PTE558
162,2018_1,PTE413
163,2018_1,PTE831
164,2018_1,PTE416
165,2018_1,PTE499
166,2018_1,PTE573
167,2018_1,PTE589
168,2018_1,PTE752
169,2018_1,PTE748
170,2018_1,PTE736
171,2018_1,PTE417
172,2018_1,PTE418
173,2018_1,PTE602
174,2018_1,PTE584
175,2018_1,PTE508
176,2018_1,PTE3613
177,2018_1,PTE3779
178,2018_1,PTE3834
179,2018_1,PTE3829
180,2018_1,PTE3809
181,2018_1,PTE3769
182,2018_1,PTE1340
183,2018_1,PTE3590
184,2018_1,PTE3867
185,2018_1,PTE1719
186,2018_1,PTE1321
187,2018_1,PTE1812
188,2018_1,PTE1429
189,2018_1,PTE1937
190,2018_1,PTE1949
191,2018_1,PTE1891
192,2018_1,PTE1890
193,2018_1,PTE381
194,2018_1,PTE389
195,2018_1,PTE251
196,2018_1,PTE250
197,2018_1,PTE173
198,2018_1,PTE135
199,2018_1,PTE168
200,2018_1,PTE836
201,2018_1,PTE244
202,2018_1,PTE277
203,2018_1,PTE335
204,2018_1,PTE260
205,2018_1,PTE287
206,2018_1,PTE324
207,2018_1,PTE290
208,2018_1,PTE307
209,2018_1,PTE341
210,2018_1,PTE2458
211,2018_1,PTE2283
212,2018_1,PTE2491
213,2018_1,PTE2496
214,2018_1,PTE2274
215,2018_1,PTE2164
216,2018_1,PTE2108
217,2018_1,PTE2465
218,2018_1,PTE2455
219,2018_1,PTE3427
220,2018_1,PTE3272
221,2018_1,PTE2724
222,2018_1,PTE3331
223,2018_1,PTE3408
224,2018_1,PTE3224
225,2018_1,PTE3402
226,2018_1,PTE2513
227,2018_1,PTE2557
228,2018_1,PTE2575
229,2018_1,PTE2594
230,2018_1,PTE2597
231,2018_1,PTE2939
232,2018_1,PTE2943
233,2018_1,PTE2946
234,2018_1,PTE2949
235,2018_1,PTE2960
236,2018_1,PTE2963
237,2018_1,PTE2966
238,2018_1,PTE2969
239,2018_1,PTE2975
240,2018_1,PTE2988
1,2018_2,PTE3639
2,2018_2,PTE3619
3,2018_2,PTE3615
4,2018_2,PTE3681
5,2018_2,PTE3753
6,2018_2,PTE3792
7,2018_2,PTE3597
8,2018_2,PTE3866
9,2018_2,PTE3589
10,2018_2,PTE3808
11,2018_2,PTE3862
12,2018_2,PTE3857
13,2018_2,PTE1645
14,2018_2,PTE1669
15,2018_2,PTE1657
16,2018_2,PTE1696
17,2018_2,PTE1671
18,2018_2,PTE985
19,2018_2,PTE1048
20,2018_2,PTE1017
21,2018_2,PTE1285
22,2018_2,PTE1133
23,2018_2,PTE1249
24,2018_2,PTE1246
25,2018_2,PTE1279
26,2018_2,PTE1779
27,2018_2,PTE1153
28,2018_2,PTE1876
29,2018_2,PTE1704
30,2018_2,PTE1230
31,2018_2,PTE984
32,2018_2,PTE958
33,2018_2,PTE1310
34,2018_2,PTE889
35,2018_2,PTE1013
36,2018_2,PTE991
37,2018_2,PTE1303
38,2018_2,PTE1180
39,2018_2,PTE986
40,2018_2,PTE1773
41,2018_2,PTE1424
42,2018_2,PTE1367
43,2018_2,PTE1351
44,2018_2,PTE1423
45,2018_2,PTE1897
46,2018_2,PTE1604
47,2018_2,PTE1480
48,2018_2,PTE1469
49,2018_2,PTE1813
50,2018_2,PTE1856
51,2018_2,PTE1916
52,2018_2,PTE1878
53,2018_2,PTE1291
54,2018_2,PTE1590
55,2018_2,PTE1562
56,2018_2,PTE1548
57,2018_2,PTE1574
58,2018_2,PTE1529
59,2018_2,PTE1543
60,2018_2,PTE1544
61,2018_2,PTE208
62,2018_2,PTE63
63,2018_2,PTE89
64,2018_2,PTE101
65,2018_2,PTE69
66,2018_2,PTE97
67,2018_2,PTE115
68,2018_2,PTE56
69,2018_2,PTE42
70,2018_2,PTE77
71,2018_2,PTE139
72,2018_2,PTE35
73,2018_2,PTE155
74,2018_2,PTE27
75,2018_2,PTE236
76,2018_2,PTE243
77,2018_2,PTE228
78,2018_2,PTE238
79,2018_2,PTE215
80,2018_2,PTE188
81,2018_2,PTE275
82,2018_2,PTE271
83,2018_2,PTE264
84,2018_2,PTE09
85,2018_2,PTE205
86,2018_2,PTE345
87,2018_2,PTE2369
88,2018_2,PTE2125
89,2018_2,PTE1995
90,2018_2,PTE2150
91,2018_2,PTE1993
92,2018_2,PTE2341
93,2018_2,PTE2085
94,2018_2,PTE2192
95,2018_2,PTE2345
96,2018_2,PTE2289
97,2018_2,PTE2297
98,2018_2,PTE1998
99,2018_2,PTE2168
100,2018_2,PTE2239
101,2018_2,PTE2119
102,2018_2,PTE2014
103,2018_2,PTE2236
104,2018_2,PTE2047
105,2018_2,PTE2199
106,2018_2,PTE2299
107,2018_2,PTE2437
108,2018_2,PTE2279
109,2018_2,PTE2397
110,2018_2,PTE2292
111,2018_2,PTE2031
112,2018_2,PTE2203
113,2018_2,PTE2143
114,2018_2,PTE2076
115,2018_2,PTE2484
116,2018_2,PTE2394
117,2018_2,PTE2004
118,2018_2,PTE2148
119,2018_2,PTE2087
120,2018_2,PTE3567
121,2018_2,PTE3470
122,2018_2,PTE3322
123,2018_2,PTE2732
124,2018_2,PTE3573
125,2018_2,PTE2889
126,2018_2,PTE3079
127,2018_2,PTE2860
128,2018_2,PTE3400
129,2018_2,PTE3325
130,2018_2,PTE2880
131,2018_2,PTE3008
132,2018_2,PTE2888
133,2018_2,PTE3274
134,2018_2,PTE2761
135,2018_2,PTE2887
136,2018_2,PTE3579
137,2018_2,PTE3030
138,2018_2,PTE3063
139,2018_2,PTE2660
140,2018_2,PTE3134
141,2018_2,PTE2766
142,2018_2,PTE3552
143,2018_2,PTE3499
144,2018_2,PTE2670
145,2018_2,PTE2841
146,2018_2,PTE3561
147,2018_2,PTE3447
148,2018_2,PTE3413
149,2018_2,PTE3407
150,2018_2,PTE2899
151,2018_2,PTE2923
152,2018_2,PTE3179
153,2018_2,PTE3141
154,2018_2,PTE3162
155,2018_2,PTE3189
156,2018_2,PTE3370
157,2018_2,PTE656
158,2018_2,PTE513
159,2018_2,PTE465
160,2018_2,PTE500
161,2018_2,PTE468
162,2018_2,PTE773
163,2018_2,PTE767
164,2018_2,PTE435
165,2018_2,PTE497
166,2018_2,PTE600
167,2018_2,PTE720
168,2018_2,PTE740
169,2018_2,PTE742
170,2018_2,PTE496
171,2018_2,PTE644
172,2018_2,PTE792
173,2018_2,PTE479
174,2018_2,PTE447
175,2018_2,PTE611
176,2018_2,PTE3633
177,2018_2,PTE3756
178,2018_2,PTE3870
179,2018_2,PTE3658
180,2018_2,PTE3871
181,2018_2,PTE3854
182,2018_2,PTE3731
183,2018_2,PTE3610
184,2018_2,PTE1649
185,2018_2,PTE1721
186,2018_2,PTE1098
187,2018_2,PTE1031
188,2018_2,PTE1839
189,2018_2,PTE1951
190,2018_2,PTE1861
191,2018_2,PTE1919
192,2018_2,PTE1549
193,2018_2,PTE382
194,2018_2,PTE252
195,2018_2,PTE73
196,2018_2,PTE368
197,2018_2,PTE162
198,2018_2,PTE169
199,2018_2,PTE178
200,2018_2,PTE263
201,2018_2,PTE291
202,2018_2,PTE338
203,2018_2,PTE261
204,2018_2,PTE294
205,2018_2,PTE256
206,2018_2,PTE298
207,2018_2,PTE309
208,2018_2,PTE347
209,2018_2,PTE2481
210,2018_2,PTE2385
211,2018_2,PTE2492
212,2018_2,PTE2501
213,2018_2,PTE2498
214,2018_2,PTE2037
215,2018_2,PTE2499
216,2018_2,PTE2489
217,2018_2,PTE2183
218,2018_2,PTE2586
219,2018_2,PTE2665
220,2018_2,PTE2667
221,2018_2,PTE3440
222,2018_2,PTE2592
223,2018_2,PTE3439
224,2018_2,PTE2544
225,2018_2,PTE2516
226,2018_2,PTE2565
227,2018_2,PTE2595
228,2018_2,PTE2598
229,2018_2,PTE2941
230,2018_2,PTE2944
231,2018_2,PTE2947
232,2018_2,PTE2951
233,2018_2,PTE2961
234,2018_2,PTE2964
235,2018_2,PTE2967
236,2018_2,PTE2971
237,2018_2,PTE2976
238,2018_2,PTE2726
239,2018_2,PTE2542
240,2018_2,PTE2910
1,2018_3,PTE3855
2,2018_3,PTE3669
3,2018_3,PTE3732
4,2018_3,PTE3611
5,2018_3,PTE3682
6,2018_3,PTE3711
7,2018_3,PTE3608
8,2018_3,PTE3585
9,2018_3,PTE3798
10,2018_3,PTE3851
11,2018_3,PTE3852
12,2018_3,PTE3632
13,2018_3,PTE1646
14,2018_3,PTE1643
15,2018_3,PTE1658
16,2018_3,PTE1632
17,2018_3,PTE1678
18,2018_3,PTE1322
19,2018_3,PTE872
20,2018_3,PTE1041
21,2018_3,PTE1010
22,2018_3,PTE1183
23,2018_3,PTE1306
24,2018_3,PTE1582
25,2018_3,PTE1085
26,2018_3,PTE1225
27,2018_3,PTE1213
28,2018_3,PTE1785
29,2018_3,PTE1058
30,2018_3,PTE1074
31,2018_3,PTE1337
32,2018_3,PTE1008
33,2018_3,PTE1178
34,2018_3,PTE885
35,2018_3,PTE894
36,2018_3,PTE924
37,2018_3,PTE1787
38,2018_3,PTE949
39,2018_3,PTE927
40,2018_3,PTE1377
41,2018_3,PTE1375
42,2018_3,PTE1430
43,2018_3,PTE1398
44,2018_3,PTE1400
45,2018_3,PTE1397
46,2018_3,PTE1896
47,2018_3,PTE868
48,2018_3,PTE1475
49,2018_3,PTE1726
50,2018_3,PTE1739
51,2018_3,PTE1910
52,2018_3,PTE1701
53,2018_3,PTE1453
54,2018_3,PTE1553
55,2018_3,PTE1606
56,2018_3,PTE1557
57,2018_3,PTE1504
58,2018_3,PTE1539
59,2018_3,PTE1525
60,2018_3,PTE1515
61,2018_3,PTE242
62,2018_3,PTE113
63,2018_3,PTE249
64,2018_3,PTE65
65,2018_3,PTE86
66,2018_3,PTE103
67,2018_3,PTE49
68,2018_3,PTE98
69,2018_3,PTE64
70,2018_3,PTE121
71,2018_3,PTE149
72,2018_3,PTE165
73,2018_3,PTE180
74,2018_3,PTE230
75,2018_3,PTE289
76,2018_3,PTE328
77,2018_3,PTE337
78,2018_3,PTE199
79,2018_3,PTE114
80,2018_3,PTE311
81,2018_3,PTE269
82,2018_3,PTE259
83,2018_3,PTE282
84,2018_3,PTE18
85,2018_3,PTE225
86,2018_3,PTE224
87,2018_3,PTE2144
88,2018_3,PTE2358
89,2018_3,PTE2411
90,2018_3,PTE2175
91,2018_3,PTE2118
92,2018_3,PTE2452
93,2018_3,PTE2480
94,2018_3,PTE2344
95,2018_3,PTE2351
96,2018_3,PTE2069
97,2018_3,PTE2223
98,2018_3,PTE1974
99,2018_3,PTE2187
100,2018_3,PTE2184
101,2018_3,PTE2296
102,2018_3,PTE1983
103,2018_3,PTE2286
104,2018_3,PTE2290
105,2018_3,PTE2097
106,2018_3,PTE2413
107,2018_3,PTE1982
108,2018_3,PTE2209
109,2018_3,PTE2197
110,2018_3,PTE2389
111,2018_3,PTE2421
112,2018_3,PTE2409
113,2018_3,PTE2256
114,2018_3,PTE2230
115,2018_3,PTE2335
116,2018_3,PTE2048
117,2018_3,PTE2214
118,2018_3,PTE2013
119,2018_3,PTE2433
120,2018_3,PTE3565
121,2018_3,PTE3022
122,2018_3,PTE3353
123,2018_3,PTE3237
124,2018_3,PTE3352
125,2018_3,PTE3359
126,2018_3,PTE3368
127,2018_3,PTE2719
128,2018_3,PTE3247
129,2018_3,PTE2796
130,2018_3,PTE3345
131,2018_3,PTE3485
132,2018_3,PTE3086
133,2018_3,PTE2835
134,2018_3,PTE3254
135,2018_3,PTE3255
136,2018_3,PTE2526
137,2018_3,PTE2853
138,2018_3,PTE2810
139,2018_3,PTE2562
140,2018_3,PTE2619
141,2018_3,PTE3050
142,2018_3,PTE3449
143,2018_3,PTE3556
144,2018_3,PTE2782
145,2018_3,PTE2914
146,2018_3,PTE3143
147,2018_3,PTE2760
148,2018_3,PTE2729
149,2018_3,PTE2531
150,2018_3,PTE2710
151,2018_3,PTE2917
152,2018_3,PTE3120
153,2018_3,PTE2872
154,2018_3,PTE3174
155,2018_3,PTE3505
156,2018_3,PTE2785
157,2018_3,PTE483
158,2018_3,PTE790
159,2018_3,PTE2653
160,2018_3,PTE542
161,2018_3,PTE472
162,2018_3,PTE549
163,2018_3,PTE461
164,2018_3,PTE556
165,2018_3,PTE443
166,2018_3,PTE754
167,2018_3,PTE689
168,2018_3,PTE679
169,2018_3,PTE681
170,2018_3,PTE661
171,2018_3,PTE719
172,2018_3,PTE688
173,2018_3,PTE744
174,2018_3,PTE438
175,2018_3,PTE743
176,2018_3,PTE3748
177,2018_3,PTE3801
178,2018_3,PTE3869
179,2018_3,PTE3780
180,2018_3,PTE3872
181,2018_3,PTE3786
182,2018_3,PTE3606
183,2018_3,PTE3864
184,2018_3,PTE1656
185,2018_3,PTE1231
186,2018_3,PTE371
187,2018_3,PTE1437
188,2018_3,PTE1908
189,2018_3,PTE1165
190,2018_3,PTE937
191,2018_3,PTE1880
192,2018_3,PTE379
193,2018_3,PTE385
194,2018_3,PTE130
195,2018_3,PTE58
196,2018_3,PTE171
197,2018_3,PTE398
198,2018_3,PTE39
199,2018_3,PTE154
200,2018_3,PTE365
201,2018_3,PTE267
202,2018_3,PTE321
203,2018_3,PTE231
204,2018_3,PTE273
205,2018_3,PTE317
206,2018_3,PTE288
207,2018_3,PTE301
208,2018_3,PTE320
209,2018_3,PTE167
210,2018_3,PTE2453
211,2018_3,PTE2487
212,2018_3,PTE2493
213,2018_3,PTE2081
214,2018_3,PTE2497
215,2018_3,PTE2154
216,2018_3,PTE2469
217,2018_3,PTE2490
218,2018_3,PTE2012
219,2018_3,PTE3375
220,2018_3,PTE2913
221,2018_3,PTE3507
222,2018_3,PTE2979
223,2018_3,PTE3374
224,2018_3,PTE2529
225,2018_3,PTE3124
226,2018_3,PTE2551
227,2018_3,PTE2574
228,2018_3,PTE2596
229,2018_3,PTE2599
230,2018_3,PTE2942
231,2018_3,PTE2945
232,2018_3,PTE2948
233,2018_3,PTE2952
234,2018_3,PTE2962
235,2018_3,PTE2965
236,2018_3,PTE2968
237,2018_3,PTE2973
238,2018_3,PTE2977
239,2018_3,PTE2742
240,2018_3,PTE3391
